,index,_score,a_pc,address,am,asdi,b_level,brightness,cID,city,core,d_name,event_data.display_cord.x,event_data.display_cord.y,event_data.gyroscop_cord.x,event_data.gyroscop_cord.y,event_data.gyroscop_cord.z,fc_available,fm,im,lat,loc_info.lat,loc_info.long,loc_info.pin,long,memory,model,n_accessories,orientation,pID,pc_usage,pin,pm,res,s_name,sc,sc_available,state,usm,volume,wifi_add,wifi_ip,wm,sr_height,sr_width
0,0,0.0,6,0.0,29.146729,0.0,50.0,100.0,1,0.0,6,741,0.0,0.0,0.0,0.0,0.0,0.0,1.149089,28.341064,0.0,0.0,0.0,0.0,0.0,3840.0,759,0,0.0,23,82.30001,0.0,0.69987,0.0,43,384,0.0,0.0,4.12556,-3.74,0.0,0.0,18.960775,896,414
1,1,0.0,6,0.0,28.40332,0.0,50.0,100.0,1,0.0,6,741,0.0,0.0,0.0,0.0,0.0,0.0,0.812988,27.890218,0.0,0.0,0.0,0.0,0.0,3840.0,759,0,0.0,23,44.0,0.0,0.38208,0.0,43,384,0.0,0.0,6.196859,-3.74,0.0,0.0,20.155843,896,414
2,2,0.0,6,0.0,29.146729,0.0,50.0,100.0,1,0.0,6,741,0.0,0.0,0.0,0.0,0.0,0.0,1.149089,28.341064,0.0,0.0,0.0,0.0,0.0,3840.0,759,0,0.0,23,82.30001,0.0,0.69987,0.0,43,384,0.0,0.0,4.12556,-3.74,0.0,0.0,18.960775,896,414
3,3,0.0,6,0.0,25.973307,0.0,38.0,70.0,1,0.0,6,741,272.5,719.5,-0.3066,-0.9284,0.2888,0.0,2.566732,23.720703,0.0,0.0,0.0,0.0,0.0,3840.0,741,0,0.0,22,10779756416.0,0.0,0.683187,0.0,43,382,0.0,0.0,71.119792,0.0,0.0,0.0,21.437581,896,414
4,4,0.0,6,0.0,25.973307,0.0,38.0,70.0,1,0.0,6,741,0.0,0.0,0.0,0.0,0.0,0.0,2.566732,23.720703,0.0,0.0,0.0,0.0,0.0,3840.0,741,0,0.0,22,10779756416.0,0.0,0.683187,0.0,43,382,0.0,0.0,71.119792,0.0,0.0,0.0,21.437581,896,414
5,5,0.0,6,0.0,25.973307,0.0,38.0,70.0,1,0.0,6,741,298.0,653.5,-0.3437,-0.9538,0.1653,0.0,2.566732,23.720703,0.0,0.0,0.0,0.0,0.0,3840.0,741,0,0.0,22,10779756416.0,0.0,0.683187,0.0,43,382,0.0,0.0,71.119792,0.0,0.0,0.0,21.437581,896,414
6,6,0.0,6,0.0,25.973307,0.0,38.0,70.0,1,0.0,6,741,0.0,0.0,0.0,0.0,0.0,0.0,2.566732,23.720703,0.0,0.0,0.0,0.0,0.0,3840.0,741,0,0.0,22,10779756416.0,0.0,0.683187,0.0,43,382,0.0,0.0,71.119792,0.0,0.0,0.0,21.437581,896,414
7,7,0.0,6,0.0,25.973307,0.0,38.0,70.0,1,0.0,6,741,0.0,0.0,0.0,0.0,0.0,0.0,2.566732,23.720703,0.0,0.0,0.0,0.0,0.0,3840.0,741,0,0.0,22,10779756416.0,0.0,0.683187,0.0,43,382,0.0,0.0,71.119792,0.0,0.0,0.0,21.437581,896,414
8,8,0.0,6,0.0,25.973307,0.0,38.0,70.0,1,0.0,6,741,0.0,0.0,0.0,0.0,0.0,0.0,2.566732,23.720703,0.0,0.0,0.0,0.0,0.0,3840.0,741,0,0.0,22,10779756416.0,0.0,0.683187,0.0,43,382,0.0,0.0,71.119792,0.0,0.0,0.0,21.437581,896,414
9,9,0.0,6,0.0,25.973307,0.0,38.0,70.0,1,0.0,6,741,0.0,0.0,0.0,0.0,0.0,0.0,2.566732,23.720703,0.0,0.0,0.0,0.0,0.0,3840.0,741,0,0.0,22,10779756416.0,0.0,0.683187,0.0,43,382,0.0,0.0,71.119792,0.0,0.0,0.0,21.437581,896,414
10,10,0.0,6,0.0,25.973307,0.0,38.0,70.0,1,0.0,6,741,0.0,0.0,0.0,0.0,0.0,0.0,2.566732,23.720703,0.0,0.0,0.0,0.0,0.0,3840.0,741,0,0.0,22,10779756416.0,0.0,0.683187,0.0,43,382,0.0,0.0,71.119792,0.0,0.0,0.0,21.437581,896,414
11,11,0.0,6,0.0,25.973307,0.0,38.0,70.0,1,0.0,6,741,0.0,0.0,0.0,0.0,0.0,0.0,2.566732,23.720703,0.0,0.0,0.0,0.0,0.0,3840.0,741,0,0.0,22,10779756416.0,0.0,0.683187,0.0,43,382,0.0,0.0,71.119792,0.0,0.0,0.0,21.437581,896,414
12,12,0.0,6,0.0,25.973307,0.0,38.0,70.0,1,0.0,6,741,0.0,0.0,0.0,0.0,0.0,0.0,2.566732,23.720703,0.0,0.0,0.0,0.0,0.0,3840.0,741,0,0.0,22,10779756416.0,0.0,0.683187,0.0,43,382,0.0,0.0,71.119792,0.0,0.0,0.0,21.437581,896,414
13,13,0.0,6,0.0,25.973307,0.0,38.0,70.0,1,0.0,6,741,0.0,0.0,0.0,0.0,0.0,0.0,2.566732,23.720703,0.0,0.0,0.0,0.0,0.0,3840.0,741,0,0.0,22,10779756416.0,0.0,0.683187,0.0,43,382,0.0,0.0,71.119792,0.0,0.0,0.0,21.437581,896,414
14,14,0.0,6,0.0,25.973307,0.0,38.0,70.0,1,0.0,6,741,0.0,0.0,0.0,0.0,0.0,0.0,2.566732,23.720703,0.0,0.0,0.0,0.0,0.0,3840.0,741,0,0.0,22,10779756416.0,0.0,0.683187,0.0,43,382,0.0,0.0,71.119792,0.0,0.0,0.0,21.437581,896,414
15,15,0.0,6,0.0,25.973307,0.0,38.0,70.0,1,0.0,6,741,0.0,0.0,0.0,0.0,0.0,0.0,2.566732,23.720703,0.0,0.0,0.0,0.0,0.0,3840.0,741,0,0.0,22,10779756416.0,0.0,0.683187,0.0,43,382,0.0,0.0,71.119792,0.0,0.0,0.0,21.437581,896,414
16,16,0.0,6,0.0,25.973307,0.0,38.0,70.0,1,0.0,6,741,0.0,0.0,0.0,0.0,0.0,0.0,2.566732,23.720703,0.0,0.0,0.0,0.0,0.0,3840.0,741,0,0.0,22,10779756416.0,0.0,0.683187,0.0,43,382,0.0,0.0,71.119792,0.0,0.0,0.0,21.437581,896,414
17,17,0.0,6,0.0,25.973307,0.0,38.0,70.0,1,0.0,6,741,231.5,731.0,-0.2731,-1.016,0.3239,0.0,2.566732,23.720703,0.0,0.0,0.0,0.0,0.0,3840.0,741,0,0.0,22,10779756416.0,0.0,0.683187,0.0,43,382,0.0,0.0,71.119792,0.0,0.0,0.0,21.437581,896,414
18,18,0.0,6,0.0,25.973307,0.0,38.0,70.0,1,0.0,6,741,214.5,647.5,-0.2879,-0.9441,0.0511,0.0,2.566732,23.720703,0.0,0.0,0.0,0.0,0.0,3840.0,741,0,0.0,22,10779756416.0,0.0,0.683187,0.0,43,382,0.0,0.0,71.119792,0.0,0.0,0.0,21.437581,896,414
19,19,0.0,6,0.0,25.973307,0.0,38.0,70.0,1,0.0,6,741,231.5,731.0,-0.2731,-1.016,0.3239,0.0,2.566732,23.720703,0.0,0.0,0.0,0.0,0.0,3840.0,741,0,0.0,22,10779756416.0,0.0,0.683187,0.0,43,382,0.0,0.0,71.119792,0.0,0.0,0.0,21.437581,896,414
20,20,0.0,6,0.0,25.973307,0.0,38.0,70.0,1,0.0,6,741,0.0,0.0,0.0,0.0,0.0,0.0,2.566732,23.720703,0.0,0.0,0.0,0.0,0.0,3840.0,741,0,0.0,22,10779756416.0,0.0,0.683187,0.0,43,382,0.0,0.0,71.119792,0.0,0.0,0.0,21.437581,896,414
21,21,0.0,6,0.0,25.973307,0.0,38.0,70.0,1,0.0,6,741,214.5,647.5,-0.2879,-0.9441,0.0511,0.0,2.566732,23.720703,0.0,0.0,0.0,0.0,0.0,3840.0,741,0,0.0,22,10779756416.0,0.0,0.683187,0.0,43,382,0.0,0.0,71.119792,0.0,0.0,0.0,21.437581,896,414
22,22,0.0,6,0.0,25.81014,0.0,38.0,70.0,1,0.0,6,741,0.0,0.0,0.0,0.0,0.0,0.0,2.860921,23.494466,0.0,29.139802,78.434009,246734.0,0.0,3840.0,741,0,0.0,22,10780115808.0,0.0,0.649007,0.0,43,382,0.0,0.0,70.807292,0.0,0.0,0.0,21.519368,896,414
23,23,0.0,6,0.0,25.81014,0.0,38.0,70.0,1,0.0,6,741,0.0,0.0,0.0,0.0,0.0,0.0,2.860921,23.494466,0.0,29.139802,78.434009,246734.0,0.0,3840.0,741,0,0.0,22,10780115808.0,0.0,0.649007,0.0,43,382,0.0,0.0,70.807292,0.0,0.0,0.0,21.519368,896,414
24,24,0.0,6,0.0,25.81014,0.0,38.0,70.0,1,0.0,6,741,0.0,0.0,0.0,0.0,0.0,0.0,2.860921,23.494466,0.0,29.139802,78.434009,246734.0,0.0,3840.0,741,0,0.0,22,10780115808.0,0.0,0.649007,0.0,43,382,0.0,0.0,70.807292,0.0,0.0,0.0,21.519368,896,414
25,25,0.0,6,0.0,25.81014,0.0,38.0,70.0,1,0.0,6,741,0.0,0.0,0.0,0.0,0.0,0.0,2.860921,23.494466,0.0,29.139802,78.434009,246734.0,0.0,3840.0,741,0,0.0,22,10780115808.0,0.0,0.649007,0.0,43,382,0.0,0.0,70.807292,0.0,0.0,0.0,21.519368,896,414
26,26,0.0,6,0.0,25.81014,0.0,38.0,70.0,1,0.0,6,741,0.0,0.0,0.0,0.0,0.0,0.0,2.860921,23.494466,0.0,29.139802,78.434009,246734.0,0.0,3840.0,741,0,0.0,22,10780115808.0,0.0,0.649007,0.0,43,382,0.0,0.0,70.807292,0.0,0.0,0.0,21.519368,896,414
27,27,0.0,6,0.0,25.81014,0.0,38.0,70.0,1,0.0,6,741,0.0,0.0,0.0,0.0,0.0,0.0,2.860921,23.494466,0.0,29.139802,78.434009,246734.0,0.0,3840.0,741,0,0.0,22,10780115808.0,0.0,0.649007,0.0,43,382,0.0,0.0,70.807292,0.0,0.0,0.0,21.519368,896,414
28,28,0.0,6,0.0,25.81014,0.0,38.0,70.0,1,0.0,6,741,0.0,0.0,0.0,0.0,0.0,0.0,2.860921,23.494466,0.0,29.139802,78.434009,246734.0,0.0,3840.0,741,0,0.0,22,10780115808.0,0.0,0.649007,0.0,43,382,0.0,0.0,70.807292,0.0,0.0,0.0,21.519368,896,414
29,29,0.0,6,0.0,25.81014,0.0,38.0,70.0,1,0.0,6,741,0.0,0.0,0.0,0.0,0.0,0.0,2.860921,23.494466,0.0,29.139802,78.434009,246734.0,0.0,3840.0,741,0,0.0,22,10780115808.0,0.0,0.649007,0.0,43,382,0.0,0.0,70.807292,0.0,0.0,0.0,21.519368,896,414
30,30,0.0,6,0.0,25.81014,0.0,38.0,70.0,1,0.0,6,741,0.0,0.0,0.0,0.0,0.0,0.0,2.860921,23.494466,0.0,29.139802,78.434009,246734.0,0.0,3840.0,741,0,0.0,22,10780115808.0,0.0,0.649007,0.0,43,382,0.0,0.0,70.807292,0.0,0.0,0.0,21.519368,896,414
31,31,0.0,6,0.0,25.81014,0.0,38.0,70.0,1,0.0,6,741,0.0,0.0,0.0,0.0,0.0,0.0,2.860921,23.494466,0.0,29.139802,78.434009,246734.0,0.0,3840.0,741,0,0.0,22,10780115808.0,0.0,0.649007,0.0,43,382,0.0,0.0,70.807292,0.0,0.0,0.0,21.519368,896,414
32,32,0.0,6,0.0,25.81014,0.0,38.0,70.0,1,0.0,6,741,165.5,458.0,-0.2706,-0.9311,-0.1286,0.0,2.860921,23.494466,0.0,29.139802,78.434009,246734.0,0.0,3840.0,741,0,0.0,22,10780115808.0,0.0,0.649007,0.0,43,382,0.0,0.0,70.807292,0.0,0.0,0.0,21.519368,896,414
33,33,0.0,6,0.0,25.81014,0.0,38.0,70.0,1,0.0,6,741,165.5,458.0,-0.2706,-0.9311,-0.1286,0.0,2.860921,23.494466,0.0,29.139802,78.434009,246734.0,0.0,3840.0,741,0,0.0,22,10780115808.0,0.0,0.649007,0.0,43,382,0.0,0.0,70.807292,0.0,0.0,0.0,21.519368,896,414
34,34,0.0,6,0.0,25.81014,0.0,38.0,70.0,1,0.0,6,741,0.0,0.0,0.0,0.0,0.0,0.0,2.860921,23.494466,0.0,29.139802,78.434009,246734.0,0.0,3840.0,741,0,0.0,22,10780115808.0,0.0,0.649007,0.0,43,382,0.0,0.0,70.807292,0.0,0.0,0.0,21.519368,896,414
35,35,0.0,6,0.0,25.81014,0.0,38.0,70.0,1,0.0,6,741,0.0,0.0,0.0,0.0,0.0,0.0,2.860921,23.494466,0.0,29.139802,78.434009,246734.0,0.0,3840.0,741,0,0.0,22,10780115808.0,0.0,0.649007,0.0,43,382,0.0,0.0,70.807292,0.0,0.0,0.0,21.519368,896,414
36,36,0.0,6,0.0,25.81014,0.0,38.0,70.0,1,0.0,6,741,0.0,0.0,0.0,0.0,0.0,0.0,2.860921,23.494466,0.0,29.139802,78.434009,246734.0,0.0,3840.0,741,0,0.0,22,10780115808.0,0.0,0.649007,0.0,43,382,0.0,0.0,70.807292,0.0,0.0,0.0,21.519368,896,414
37,37,0.0,6,0.0,25.81014,0.0,38.0,70.0,1,0.0,6,741,0.0,0.0,0.0,0.0,0.0,0.0,2.860921,23.494466,0.0,29.139802,78.434009,246734.0,0.0,3840.0,741,0,0.0,22,10780115808.0,0.0,0.649007,0.0,43,382,0.0,0.0,70.807292,0.0,0.0,0.0,21.519368,896,414
38,38,0.0,6,0.0,25.81014,0.0,38.0,70.0,1,0.0,6,741,0.0,0.0,0.0,0.0,0.0,0.0,2.860921,23.494466,0.0,29.139802,78.434009,246734.0,0.0,3840.0,741,0,0.0,22,10780115808.0,0.0,0.649007,0.0,43,382,0.0,0.0,70.807292,0.0,0.0,0.0,21.519368,896,414
39,39,0.0,6,0.0,25.81014,0.0,38.0,70.0,1,0.0,6,741,0.0,0.0,0.0,0.0,0.0,0.0,2.860921,23.494466,0.0,29.139802,78.434009,246734.0,0.0,3840.0,741,0,0.0,22,10780115808.0,0.0,0.649007,0.0,43,382,0.0,0.0,70.807292,0.0,0.0,0.0,21.519368,896,414
40,40,0.0,6,0.0,25.926514,0.0,38.0,70.0,1,0.0,6,741,0.0,0.0,0.0,0.0,0.0,0.0,2.845866,23.569743,0.0,0.0,0.0,0.0,0.0,3840.0,741,0,0.0,22,10780017312.0,0.0,0.555827,0.0,43,382,0.0,0.0,70.729167,0.0,0.0,0.0,21.234538,896,414
41,41,0.0,6,0.0,25.686442,0.0,44.0,70.0,1,0.0,6,741,0.0,0.0,0.0,0.0,0.0,0.0,2.058512,25.36377,0.0,0.0,0.0,0.0,0.0,3840.0,741,0,0.0,22,10766776528.0,0.0,1.227214,0.0,43,382,0.0,0.0,72.239583,-9.12,0.0,0.0,21.206462,896,414
42,42,0.0,6,0.0,25.686442,0.0,44.0,70.0,1,0.0,6,741,0.0,0.0,0.0,0.0,0.0,0.0,2.058512,25.36377,0.0,0.0,0.0,0.0,0.0,3840.0,741,0,0.0,22,10766776528.0,0.0,1.227214,0.0,43,382,0.0,0.0,72.239583,-9.12,0.0,0.0,21.206462,896,414
43,43,0.0,6,0.0,25.686442,0.0,44.0,70.0,1,0.0,6,741,322.5,687.5,-0.0735,-0.989,0.0488,0.0,2.058512,25.36377,0.0,0.0,0.0,0.0,0.0,3840.0,741,0,0.0,22,10766776528.0,0.0,1.227214,0.0,43,382,0.0,0.0,72.239583,-9.12,0.0,0.0,21.206462,896,414
44,44,0.0,6,0.0,25.686442,0.0,44.0,70.0,1,0.0,6,741,322.5,687.5,-0.0735,-0.989,0.0488,0.0,2.058512,25.36377,0.0,0.0,0.0,0.0,0.0,3840.0,741,0,0.0,22,10766776528.0,0.0,1.227214,0.0,43,382,0.0,0.0,72.239583,-9.12,0.0,0.0,21.206462,896,414
45,45,0.0,6,0.0,25.686442,0.0,44.0,70.0,1,0.0,6,741,0.0,0.0,0.0,0.0,0.0,0.0,2.058512,25.36377,0.0,0.0,0.0,0.0,0.0,3840.0,741,0,0.0,22,10766776528.0,0.0,1.227214,0.0,43,382,0.0,0.0,72.239583,-9.12,0.0,0.0,21.206462,896,414
46,46,0.0,6,0.0,25.686442,0.0,44.0,70.0,1,0.0,6,741,0.0,0.0,0.0,0.0,0.0,0.0,2.058512,25.36377,0.0,0.0,0.0,0.0,0.0,3840.0,741,0,0.0,22,10766776528.0,0.0,1.227214,0.0,43,382,0.0,0.0,72.239583,-9.12,0.0,0.0,21.206462,896,414
47,47,0.0,6,0.0,25.686442,0.0,44.0,70.0,1,0.0,6,741,0.0,0.0,0.0,0.0,0.0,0.0,2.058512,25.36377,0.0,0.0,0.0,0.0,0.0,3840.0,741,0,0.0,22,10766776528.0,0.0,1.227214,0.0,43,382,0.0,0.0,72.239583,-9.12,0.0,0.0,21.206462,896,414
48,48,0.0,6,0.0,25.686442,0.0,44.0,70.0,1,0.0,6,741,226.0,747.5,-0.0968,-0.9512,-0.1126,0.0,2.058512,25.36377,0.0,0.0,0.0,0.0,0.0,3840.0,741,0,0.0,22,10766776528.0,0.0,1.227214,0.0,43,382,0.0,0.0,72.239583,-9.12,0.0,0.0,21.206462,896,414
49,49,0.0,6,0.0,25.686442,0.0,44.0,70.0,1,0.0,6,741,226.0,747.5,-0.0968,-0.9512,-0.1126,0.0,2.058512,25.36377,0.0,0.0,0.0,0.0,0.0,3840.0,741,0,0.0,22,10766776528.0,0.0,1.227214,0.0,43,382,0.0,0.0,72.239583,-9.12,0.0,0.0,21.206462,896,414
50,50,0.0,6,0.0,25.686442,0.0,44.0,70.0,1,0.0,6,741,226.0,747.5,-0.0968,-0.9512,-0.1126,0.0,2.058512,25.36377,0.0,0.0,0.0,0.0,0.0,3840.0,741,0,0.0,22,10766776528.0,0.0,1.227214,0.0,43,382,0.0,0.0,72.239583,-9.12,0.0,0.0,21.206462,896,414
51,51,0.0,6,0.0,25.686442,0.0,44.0,70.0,1,0.0,6,741,226.0,747.5,-0.0968,-0.9512,-0.1126,0.0,2.058512,25.36377,0.0,0.0,0.0,0.0,0.0,3840.0,741,0,0.0,22,10766776528.0,0.0,1.227214,0.0,43,382,0.0,0.0,72.239583,-9.12,0.0,0.0,21.206462,896,414
52,52,0.0,6,0.0,25.686442,0.0,44.0,70.0,1,0.0,6,741,0.0,0.0,0.0,0.0,0.0,0.0,2.058512,25.36377,0.0,0.0,0.0,0.0,0.0,3840.0,741,0,0.0,22,10766776528.0,0.0,1.227214,0.0,43,382,0.0,0.0,72.239583,-9.12,0.0,0.0,21.206462,896,414
53,53,0.0,6,0.0,25.686442,0.0,44.0,70.0,1,0.0,6,741,226.0,747.5,-0.0968,-0.9512,-0.1126,0.0,2.058512,25.36377,0.0,0.0,0.0,0.0,0.0,3840.0,741,0,0.0,22,10766776528.0,0.0,1.227214,0.0,43,382,0.0,0.0,72.239583,-9.12,0.0,0.0,21.206462,896,414
54,54,0.0,6,0.0,25.686442,0.0,44.0,70.0,1,0.0,6,741,236.5,626.5,-0.1164,-0.9458,-0.0942,0.0,2.058512,25.36377,0.0,0.0,0.0,0.0,0.0,3840.0,741,0,0.0,22,10766776528.0,0.0,1.227214,0.0,43,382,0.0,0.0,72.239583,-9.12,0.0,0.0,21.206462,896,414
55,55,0.0,6,0.0,25.686442,0.0,44.0,70.0,1,0.0,6,741,236.5,626.5,-0.1164,-0.9458,-0.0942,0.0,2.058512,25.36377,0.0,0.0,0.0,0.0,0.0,3840.0,741,0,0.0,22,10766776528.0,0.0,1.227214,0.0,43,382,0.0,0.0,72.239583,-9.12,0.0,0.0,21.206462,896,414
56,56,0.0,6,0.0,25.686442,0.0,44.0,70.0,1,0.0,6,741,236.5,626.5,-0.1164,-0.9458,-0.0942,0.0,2.058512,25.36377,0.0,0.0,0.0,0.0,0.0,3840.0,741,0,0.0,22,10766776528.0,0.0,1.227214,0.0,43,382,0.0,0.0,72.239583,-9.12,0.0,0.0,21.206462,896,414
57,57,0.0,6,0.0,25.686442,0.0,44.0,70.0,1,0.0,6,741,236.5,626.5,-0.1164,-0.9458,-0.0942,0.0,2.058512,25.36377,0.0,0.0,0.0,0.0,0.0,3840.0,741,0,0.0,22,10766776528.0,0.0,1.227214,0.0,43,382,0.0,0.0,72.239583,-9.12,0.0,0.0,21.206462,896,414
58,58,0.0,6,0.0,25.686442,0.0,44.0,70.0,1,0.0,6,741,236.5,626.5,-0.1164,-0.9458,-0.0942,0.0,2.058512,25.36377,0.0,0.0,0.0,0.0,0.0,3840.0,741,0,0.0,22,10766776528.0,0.0,1.227214,0.0,43,382,0.0,0.0,72.239583,-9.12,0.0,0.0,21.206462,896,414
59,59,0.0,6,0.0,25.686442,0.0,44.0,70.0,1,0.0,6,741,236.5,626.5,-0.1164,-0.9458,-0.0942,0.0,2.058512,25.36377,0.0,0.0,0.0,0.0,0.0,3840.0,741,0,0.0,22,10766776528.0,0.0,1.227214,0.0,43,382,0.0,0.0,72.239583,-9.12,0.0,0.0,21.206462,896,414
60,60,0.0,6,0.0,25.699463,0.0,44.0,70.0,1,0.0,6,741,0.0,0.0,0.0,0.0,0.0,0.0,1.52832,25.496826,0.0,0.0,0.0,0.0,0.0,3840.0,741,0,0.0,22,10765255328.0,0.0,1.248779,0.0,43,382,0.0,0.0,72.786458,-9.12,0.0,0.0,21.609701,896,414
61,61,0.0,6,0.0,25.699463,0.0,44.0,70.0,1,0.0,6,741,142.5,402.5,-0.2009,-1.0269,-0.1012,0.0,1.52832,25.496826,0.0,0.0,0.0,0.0,0.0,3840.0,741,0,0.0,22,10765255328.0,0.0,1.248779,0.0,43,382,0.0,0.0,72.786458,-9.12,0.0,0.0,21.609701,896,414
62,62,0.0,6,0.0,25.699463,0.0,44.0,70.0,1,0.0,6,741,142.5,402.5,-0.2009,-1.0269,-0.1012,0.0,1.52832,25.496826,0.0,0.0,0.0,0.0,0.0,3840.0,741,0,0.0,22,10765255328.0,0.0,1.248779,0.0,43,382,0.0,0.0,72.786458,-9.12,0.0,0.0,21.609701,896,414
63,63,0.0,6,0.0,25.699463,0.0,44.0,70.0,1,0.0,6,741,0.0,0.0,0.0,0.0,0.0,0.0,1.52832,25.496826,0.0,0.0,0.0,0.0,0.0,3840.0,741,0,0.0,22,10765255328.0,0.0,1.248779,0.0,43,382,0.0,0.0,72.786458,-9.12,0.0,0.0,21.609701,896,414
64,64,0.0,6,0.0,25.699463,0.0,44.0,70.0,1,0.0,6,741,0.0,0.0,0.0,0.0,0.0,0.0,1.52832,25.496826,0.0,0.0,0.0,0.0,0.0,3840.0,741,0,0.0,22,10765255328.0,0.0,1.248779,0.0,43,382,0.0,0.0,72.786458,-9.12,0.0,0.0,21.609701,896,414
65,65,0.0,6,0.0,25.699463,0.0,44.0,70.0,1,0.0,6,741,0.0,0.0,0.0,0.0,0.0,0.0,1.52832,25.496826,0.0,0.0,0.0,0.0,0.0,3840.0,741,0,0.0,22,10765255328.0,0.0,1.248779,0.0,43,382,0.0,0.0,72.786458,-9.12,0.0,0.0,21.609701,896,414
66,66,0.0,6,0.0,25.699463,0.0,44.0,70.0,1,0.0,6,741,0.0,0.0,0.0,0.0,0.0,0.0,1.52832,25.496826,0.0,0.0,0.0,0.0,0.0,3840.0,741,0,0.0,22,10765255328.0,0.0,1.248779,0.0,43,382,0.0,0.0,72.786458,-9.12,0.0,0.0,21.609701,896,414
67,67,0.0,6,0.0,25.699463,0.0,44.0,70.0,1,0.0,6,741,0.0,0.0,0.0,0.0,0.0,0.0,1.52832,25.496826,0.0,0.0,0.0,0.0,0.0,3840.0,741,0,0.0,22,10765255328.0,0.0,1.248779,0.0,43,382,0.0,0.0,72.786458,-9.12,0.0,0.0,21.609701,896,414
68,68,0.0,6,0.0,25.699463,0.0,44.0,70.0,1,0.0,6,741,0.0,0.0,0.0,0.0,0.0,0.0,1.52832,25.496826,0.0,0.0,0.0,0.0,0.0,3840.0,741,0,0.0,22,10765255328.0,0.0,1.248779,0.0,43,382,0.0,0.0,72.786458,-9.12,0.0,0.0,21.609701,896,414
69,69,0.0,6,0.0,25.699463,0.0,44.0,70.0,1,0.0,6,741,0.0,0.0,0.0,0.0,0.0,0.0,1.52832,25.496826,0.0,0.0,0.0,0.0,0.0,3840.0,741,0,0.0,22,10765255328.0,0.0,1.248779,0.0,43,382,0.0,0.0,72.786458,-9.12,0.0,0.0,21.609701,896,414
70,70,0.0,6,0.0,25.699463,0.0,44.0,70.0,1,0.0,6,741,0.0,0.0,0.0,0.0,0.0,0.0,1.52832,25.496826,0.0,0.0,0.0,0.0,0.0,3840.0,741,0,0.0,22,10765255328.0,0.0,1.248779,0.0,43,382,0.0,0.0,72.786458,-9.12,0.0,0.0,21.609701,896,414
71,71,0.0,6,0.0,25.699463,0.0,44.0,70.0,1,0.0,6,741,0.0,0.0,0.0,0.0,0.0,0.0,1.52832,25.496826,0.0,0.0,0.0,0.0,0.0,3840.0,741,0,0.0,22,10765255328.0,0.0,1.248779,0.0,43,382,0.0,0.0,72.786458,-9.12,0.0,0.0,21.609701,896,414
72,72,0.0,6,0.0,25.699463,0.0,44.0,70.0,1,0.0,6,741,0.0,0.0,0.0,0.0,0.0,0.0,1.52832,25.496826,0.0,0.0,0.0,0.0,0.0,3840.0,741,0,0.0,22,10765255328.0,0.0,1.248779,0.0,43,382,0.0,0.0,72.786458,-9.12,0.0,0.0,21.609701,896,414
73,73,0.0,6,0.0,25.699463,0.0,44.0,70.0,1,0.0,6,741,0.0,0.0,0.0,0.0,0.0,0.0,1.52832,25.496826,0.0,0.0,0.0,0.0,0.0,3840.0,741,0,0.0,22,10765255328.0,0.0,1.248779,0.0,43,382,0.0,0.0,72.786458,-9.12,0.0,0.0,21.609701,896,414
74,74,0.0,6,0.0,25.699463,0.0,44.0,70.0,1,0.0,6,741,0.0,0.0,0.0,0.0,0.0,0.0,1.52832,25.496826,0.0,0.0,0.0,0.0,0.0,3840.0,741,0,0.0,22,10765255328.0,0.0,1.248779,0.0,43,382,0.0,0.0,72.786458,-9.12,0.0,0.0,21.609701,896,414
75,75,0.0,6,0.0,25.699463,0.0,44.0,70.0,1,0.0,6,741,0.0,0.0,0.0,0.0,0.0,0.0,1.52832,25.496826,0.0,0.0,0.0,0.0,0.0,3840.0,741,0,0.0,22,10765255328.0,0.0,1.248779,0.0,43,382,0.0,0.0,72.786458,-9.12,0.0,0.0,21.609701,896,414
76,76,0.0,6,0.0,25.699463,0.0,44.0,70.0,1,0.0,6,741,0.0,0.0,0.0,0.0,0.0,0.0,1.52832,25.496826,0.0,0.0,0.0,0.0,0.0,3840.0,741,0,0.0,22,10765255328.0,0.0,1.248779,0.0,43,382,0.0,0.0,72.786458,-9.12,0.0,0.0,21.609701,896,414
77,77,0.0,6,0.0,25.699463,0.0,44.0,70.0,1,0.0,6,741,0.0,0.0,0.0,0.0,0.0,0.0,1.52832,25.496826,0.0,0.0,0.0,0.0,0.0,3840.0,741,0,0.0,22,10765255328.0,0.0,1.248779,0.0,43,382,0.0,0.0,72.786458,-9.12,0.0,0.0,21.609701,896,414
78,78,0.0,6,0.0,25.699463,0.0,44.0,70.0,1,0.0,6,741,0.0,0.0,0.0,0.0,0.0,0.0,1.52832,25.496826,0.0,0.0,0.0,0.0,0.0,3840.0,741,0,0.0,22,10765255328.0,0.0,1.248779,0.0,43,382,0.0,0.0,72.786458,-9.12,0.0,0.0,21.609701,896,414
79,79,0.0,6,0.0,25.361735,0.0,44.0,70.0,1,0.0,6,741,0.0,0.0,0.0,0.0,0.0,0.0,1.090902,25.251465,0.0,0.0,0.0,0.0,0.0,3840.0,741,0,0.0,22,10765257296.0,0.0,0.955404,0.0,43,382,0.0,0.0,73.203125,-9.12,0.0,0.0,22.605794,896,414
80,80,0.0,6,0.0,25.361735,0.0,44.0,70.0,1,0.0,6,741,0.0,0.0,0.0,0.0,0.0,0.0,1.090902,25.251465,0.0,0.0,0.0,0.0,0.0,3840.0,741,0,0.0,22,10765257296.0,0.0,0.955404,0.0,43,382,0.0,0.0,73.203125,-9.12,0.0,0.0,22.605794,896,414
81,81,0.0,6,0.0,25.361735,0.0,44.0,70.0,1,0.0,6,741,0.0,0.0,0.0,0.0,0.0,0.0,1.090902,25.251465,0.0,0.0,0.0,0.0,0.0,3840.0,741,0,0.0,22,10765257296.0,0.0,0.955404,0.0,43,382,0.0,0.0,73.203125,-9.12,0.0,0.0,22.605794,896,414
82,82,0.0,6,0.0,25.361735,0.0,44.0,70.0,1,0.0,6,741,0.0,0.0,0.0,0.0,0.0,0.0,1.090902,25.251465,0.0,0.0,0.0,0.0,0.0,3840.0,741,0,0.0,22,10765257296.0,0.0,0.955404,0.0,43,382,0.0,0.0,73.203125,-9.12,0.0,0.0,22.605794,896,414
83,83,0.0,6,0.0,25.361735,0.0,44.0,70.0,1,0.0,6,741,0.0,0.0,0.0,0.0,0.0,0.0,1.090902,25.251465,0.0,0.0,0.0,0.0,0.0,3840.0,741,0,0.0,22,10765257296.0,0.0,0.955404,0.0,43,382,0.0,0.0,73.203125,-9.12,0.0,0.0,22.605794,896,414
84,84,0.0,6,0.0,25.361735,0.0,44.0,70.0,1,0.0,6,741,0.0,0.0,0.0,0.0,0.0,0.0,1.090902,25.251465,0.0,0.0,0.0,0.0,0.0,3840.0,741,0,0.0,22,10765257296.0,0.0,0.955404,0.0,43,382,0.0,0.0,73.203125,-9.12,0.0,0.0,22.605794,896,414
85,85,0.0,6,0.0,25.361735,0.0,44.0,70.0,1,0.0,6,741,0.0,0.0,0.0,0.0,0.0,0.0,1.090902,25.251465,0.0,0.0,0.0,0.0,0.0,3840.0,741,0,0.0,22,10765257296.0,0.0,0.955404,0.0,43,382,0.0,0.0,73.203125,-9.12,0.0,0.0,22.605794,896,414
86,86,0.0,6,0.0,25.361735,0.0,44.0,70.0,1,0.0,6,741,0.0,0.0,0.0,0.0,0.0,0.0,1.090902,25.251465,0.0,0.0,0.0,0.0,0.0,3840.0,741,0,0.0,22,10765257296.0,0.0,0.955404,0.0,43,382,0.0,0.0,73.203125,-9.12,0.0,0.0,22.605794,896,414
87,87,0.0,6,0.0,25.361735,0.0,44.0,70.0,1,0.0,6,741,0.0,0.0,0.0,0.0,0.0,0.0,1.090902,25.251465,0.0,0.0,0.0,0.0,0.0,3840.0,741,0,0.0,22,10765257296.0,0.0,0.955404,0.0,43,382,0.0,0.0,73.203125,-9.12,0.0,0.0,22.605794,896,414
88,88,0.0,6,0.0,25.361735,0.0,44.0,70.0,1,0.0,6,741,326.0,806.0,-0.1902,-0.9523,-0.0992,0.0,1.090902,25.251465,0.0,0.0,0.0,0.0,0.0,3840.0,741,0,0.0,22,10765257296.0,0.0,0.955404,0.0,43,382,0.0,0.0,73.203125,-9.12,0.0,0.0,22.605794,896,414
89,89,0.0,6,0.0,25.361735,0.0,44.0,70.0,1,0.0,6,741,326.0,806.0,-0.1902,-0.9523,-0.0992,0.0,1.090902,25.251465,0.0,0.0,0.0,0.0,0.0,3840.0,741,0,0.0,22,10765257296.0,0.0,0.955404,0.0,43,382,0.0,0.0,73.203125,-9.12,0.0,0.0,22.605794,896,414
90,90,0.0,6,0.0,25.361735,0.0,44.0,70.0,1,0.0,6,741,0.0,0.0,0.0,0.0,0.0,0.0,1.090902,25.251465,0.0,0.0,0.0,0.0,0.0,3840.0,741,0,0.0,22,10765257296.0,0.0,0.955404,0.0,43,382,0.0,0.0,73.203125,-9.12,0.0,0.0,22.605794,896,414
91,91,0.0,6,0.0,25.361735,0.0,44.0,70.0,1,0.0,6,741,326.0,806.0,-0.1902,-0.9523,-0.0992,0.0,1.090902,25.251465,0.0,0.0,0.0,0.0,0.0,3840.0,741,0,0.0,22,10765257296.0,0.0,0.955404,0.0,43,382,0.0,0.0,73.203125,-9.12,0.0,0.0,22.605794,896,414
92,92,0.0,6,0.0,25.361735,0.0,44.0,70.0,1,0.0,6,741,326.0,806.0,-0.1902,-0.9523,-0.0992,0.0,1.090902,25.251465,0.0,0.0,0.0,0.0,0.0,3840.0,741,0,0.0,22,10765257296.0,0.0,0.955404,0.0,43,382,0.0,0.0,73.203125,-9.12,0.0,0.0,22.605794,896,414
93,93,0.0,6,0.0,25.361735,0.0,44.0,70.0,1,0.0,6,741,326.0,806.0,-0.1902,-0.9523,-0.0992,0.0,1.090902,25.251465,0.0,0.0,0.0,0.0,0.0,3840.0,741,0,0.0,22,10765257296.0,0.0,0.955404,0.0,43,382,0.0,0.0,73.203125,-9.12,0.0,0.0,22.605794,896,414
94,94,0.0,6,0.0,25.361735,0.0,44.0,70.0,1,0.0,6,741,326.0,806.0,-0.1902,-0.9523,-0.0992,0.0,1.090902,25.251465,0.0,0.0,0.0,0.0,0.0,3840.0,741,0,0.0,22,10765257296.0,0.0,0.955404,0.0,43,382,0.0,0.0,73.203125,-9.12,0.0,0.0,22.605794,896,414
95,95,0.0,6,0.0,25.361735,0.0,44.0,70.0,1,0.0,6,741,326.0,806.0,-0.1902,-0.9523,-0.0992,0.0,1.090902,25.251465,0.0,0.0,0.0,0.0,0.0,3840.0,741,0,0.0,22,10765257296.0,0.0,0.955404,0.0,43,382,0.0,0.0,73.203125,-9.12,0.0,0.0,22.605794,896,414
96,96,0.0,6,0.0,25.361735,0.0,44.0,70.0,1,0.0,6,741,326.0,806.0,-0.1902,-0.9523,-0.0992,0.0,1.090902,25.251465,0.0,0.0,0.0,0.0,0.0,3840.0,741,0,0.0,22,10765257296.0,0.0,0.955404,0.0,43,382,0.0,0.0,73.203125,-9.12,0.0,0.0,22.605794,896,414
97,97,0.0,6,0.0,25.361735,0.0,44.0,70.0,1,0.0,6,741,326.0,806.0,-0.1902,-0.9523,-0.0992,0.0,1.090902,25.251465,0.0,0.0,0.0,0.0,0.0,3840.0,741,0,0.0,22,10765257296.0,0.0,0.955404,0.0,43,382,0.0,0.0,73.203125,-9.12,0.0,0.0,22.605794,896,414
98,98,0.0,6,0.0,26.291911,0.0,44.0,70.0,1,0.0,6,741,340.5,257.5,-0.1911,-0.964,0.0249,0.0,1.620687,25.440267,0.0,0.0,0.0,0.0,0.0,3840.0,741,0,0.0,22,10766695472.0,0.0,1.302083,0.0,43,382,0.0,0.0,72.682292,-9.12,0.0,0.0,20.950928,896,414
99,99,0.0,6,0.0,26.291911,0.0,44.0,70.0,1,0.0,6,741,340.5,257.5,-0.1911,-0.964,0.0249,0.0,1.620687,25.440267,0.0,0.0,0.0,0.0,0.0,3840.0,741,0,0.0,22,10766695472.0,0.0,1.302083,0.0,43,382,0.0,0.0,72.682292,-9.12,0.0,0.0,20.950928,896,414
100,100,0.0,6,0.0,26.291911,0.0,44.0,70.0,1,0.0,6,741,340.5,257.5,-0.1911,-0.964,0.0249,0.0,1.620687,25.440267,0.0,0.0,0.0,0.0,0.0,3840.0,741,0,0.0,22,10766695472.0,0.0,1.302083,0.0,43,382,0.0,0.0,72.682292,-9.12,0.0,0.0,20.950928,896,414
101,101,0.0,6,0.0,26.291911,0.0,44.0,70.0,1,0.0,6,741,340.5,257.5,-0.1911,-0.964,0.0249,0.0,1.620687,25.440267,0.0,0.0,0.0,0.0,0.0,3840.0,741,0,0.0,22,10766695472.0,0.0,1.302083,0.0,43,382,0.0,0.0,72.682292,-9.12,0.0,0.0,20.950928,896,414
102,102,0.0,6,0.0,26.291911,0.0,44.0,70.0,1,0.0,6,741,340.5,257.5,-0.1911,-0.964,0.0249,0.0,1.620687,25.440267,0.0,0.0,0.0,0.0,0.0,3840.0,741,0,0.0,22,10766695472.0,0.0,1.302083,0.0,43,382,0.0,0.0,72.682292,-9.12,0.0,0.0,20.950928,896,414
103,103,0.0,6,0.0,26.291911,0.0,44.0,70.0,1,0.0,6,741,340.5,257.5,-0.1911,-0.964,0.0249,0.0,1.620687,25.440267,0.0,0.0,0.0,0.0,0.0,3840.0,741,0,0.0,22,10766695472.0,0.0,1.302083,0.0,43,382,0.0,0.0,72.682292,-9.12,0.0,0.0,20.950928,896,414
104,104,0.0,6,0.0,26.291911,0.0,44.0,70.0,1,0.0,6,741,340.5,257.5,-0.1911,-0.964,0.0249,0.0,1.620687,25.440267,0.0,0.0,0.0,0.0,0.0,3840.0,741,0,0.0,22,10766695472.0,0.0,1.302083,0.0,43,382,0.0,0.0,72.682292,-9.12,0.0,0.0,20.950928,896,414
105,105,0.0,6,0.0,26.291911,0.0,44.0,70.0,1,0.0,6,741,340.5,257.5,-0.1911,-0.964,0.0249,0.0,1.620687,25.440267,0.0,0.0,0.0,0.0,0.0,3840.0,741,0,0.0,22,10766695472.0,0.0,1.302083,0.0,43,382,0.0,0.0,72.682292,-9.12,0.0,0.0,20.950928,896,414
106,106,0.0,6,0.0,26.291911,0.0,44.0,70.0,1,0.0,6,741,340.5,257.5,-0.1911,-0.964,0.0249,0.0,1.620687,25.440267,0.0,0.0,0.0,0.0,0.0,3840.0,741,0,0.0,22,10766695472.0,0.0,1.302083,0.0,43,382,0.0,0.0,72.682292,-9.12,0.0,0.0,20.950928,896,414
107,107,0.0,6,0.0,26.291911,0.0,44.0,70.0,1,0.0,6,741,340.5,257.5,-0.1911,-0.964,0.0249,0.0,1.620687,25.440267,0.0,0.0,0.0,0.0,0.0,3840.0,741,0,0.0,22,10766695472.0,0.0,1.302083,0.0,43,382,0.0,0.0,72.682292,-9.12,0.0,0.0,20.950928,896,414
108,108,0.0,6,0.0,26.291911,0.0,44.0,70.0,1,0.0,6,741,340.5,257.5,-0.1911,-0.964,0.0249,0.0,1.620687,25.440267,0.0,0.0,0.0,0.0,0.0,3840.0,741,0,0.0,22,10766695472.0,0.0,1.302083,0.0,43,382,0.0,0.0,72.682292,-9.12,0.0,0.0,20.950928,896,414
109,109,0.0,6,0.0,26.291911,0.0,44.0,70.0,1,0.0,6,741,340.5,257.5,-0.1911,-0.964,0.0249,0.0,1.620687,25.440267,0.0,0.0,0.0,0.0,0.0,3840.0,741,0,0.0,22,10766695472.0,0.0,1.302083,0.0,43,382,0.0,0.0,72.682292,-9.12,0.0,0.0,20.950928,896,414
110,110,0.0,6,0.0,26.291911,0.0,44.0,70.0,1,0.0,6,741,340.5,257.5,-0.1911,-0.964,0.0249,0.0,1.620687,25.440267,0.0,0.0,0.0,0.0,0.0,3840.0,741,0,0.0,22,10766695472.0,0.0,1.302083,0.0,43,382,0.0,0.0,72.682292,-9.12,0.0,0.0,20.950928,896,414
111,111,0.0,6,0.0,26.291911,0.0,44.0,70.0,1,0.0,6,741,340.5,257.5,-0.1911,-0.964,0.0249,0.0,1.620687,25.440267,0.0,0.0,0.0,0.0,0.0,3840.0,741,0,0.0,22,10766695472.0,0.0,1.302083,0.0,43,382,0.0,0.0,72.682292,-9.12,0.0,0.0,20.950928,896,414
112,112,0.0,6,0.0,26.291911,0.0,44.0,70.0,1,0.0,6,741,340.5,257.5,-0.1911,-0.964,0.0249,0.0,1.620687,25.440267,0.0,0.0,0.0,0.0,0.0,3840.0,741,0,0.0,22,10766695472.0,0.0,1.302083,0.0,43,382,0.0,0.0,72.682292,-9.12,0.0,0.0,20.950928,896,414
113,113,0.0,6,0.0,26.291911,0.0,44.0,70.0,1,0.0,6,741,0.0,0.0,0.0,0.0,0.0,0.0,1.620687,25.440267,0.0,0.0,0.0,0.0,0.0,3840.0,741,0,0.0,22,10766695472.0,0.0,1.302083,0.0,43,382,0.0,0.0,72.682292,-9.12,0.0,0.0,20.950928,896,414
114,114,0.0,6,0.0,26.291911,0.0,44.0,70.0,1,0.0,6,741,340.5,257.5,-0.1911,-0.964,0.0249,0.0,1.620687,25.440267,0.0,0.0,0.0,0.0,0.0,3840.0,741,0,0.0,22,10766695472.0,0.0,1.302083,0.0,43,382,0.0,0.0,72.682292,-9.12,0.0,0.0,20.950928,896,414
115,115,0.0,6,0.0,26.291911,0.0,44.0,70.0,1,0.0,6,741,340.5,257.5,-0.1911,-0.964,0.0249,0.0,1.620687,25.440267,0.0,0.0,0.0,0.0,0.0,3840.0,741,0,0.0,22,10766695472.0,0.0,1.302083,0.0,43,382,0.0,0.0,72.682292,-9.12,0.0,0.0,20.950928,896,414
116,116,0.0,6,0.0,26.291911,0.0,44.0,70.0,1,0.0,6,741,0.0,0.0,0.0,0.0,0.0,0.0,1.620687,25.440267,0.0,0.0,0.0,0.0,0.0,3840.0,741,0,0.0,22,10766695472.0,0.0,1.302083,0.0,43,382,0.0,0.0,72.682292,-9.12,0.0,0.0,20.950928,896,414
117,117,0.0,6,0.0,25.95988,0.0,45.0,70.0,1,0.0,6,741,0.0,0.0,0.0,0.0,0.0,0.0,1.861572,25.273438,0.0,0.0,0.0,0.0,0.0,3840.0,741,0,0.0,22,10764773456.0,0.0,1.257324,0.0,43,382,0.0,0.0,72.421875,-9.12,0.0,0.0,21.201579,896,414
118,118,0.0,6,0.0,25.95988,0.0,45.0,70.0,1,0.0,6,741,0.0,0.0,0.0,0.0,0.0,0.0,1.861572,25.273438,0.0,0.0,0.0,0.0,0.0,3840.0,741,0,0.0,22,10764773456.0,0.0,1.257324,0.0,43,382,0.0,0.0,72.421875,-9.12,0.0,0.0,21.201579,896,414
119,119,0.0,6,0.0,25.95988,0.0,45.0,70.0,1,0.0,6,741,191.5,541.0,-0.0394,-0.991,-0.0578,0.0,1.861572,25.273438,0.0,0.0,0.0,0.0,0.0,3840.0,741,0,0.0,22,10764773456.0,0.0,1.257324,0.0,43,382,0.0,0.0,72.421875,-9.12,0.0,0.0,21.201579,896,414
120,120,0.0,6,0.0,25.95988,0.0,45.0,70.0,1,0.0,6,741,323.0,735.0,-0.1909,-0.963,0.0757,0.0,1.861572,25.273438,0.0,0.0,0.0,0.0,0.0,3840.0,741,0,0.0,22,10764773456.0,0.0,1.257324,0.0,43,382,0.0,0.0,72.421875,-9.12,0.0,0.0,21.201579,896,414
121,121,0.0,6,0.0,25.95988,0.0,45.0,70.0,1,0.0,6,741,302.0,646.5,-0.164,-0.9287,-0.0664,0.0,1.861572,25.273438,0.0,0.0,0.0,0.0,0.0,3840.0,741,0,0.0,22,10764773456.0,0.0,1.257324,0.0,43,382,0.0,0.0,72.421875,-9.12,0.0,0.0,21.201579,896,414
122,122,0.0,6,0.0,25.95988,0.0,45.0,70.0,1,0.0,6,741,302.0,646.5,-0.164,-0.9287,-0.0664,0.0,1.861572,25.273438,0.0,0.0,0.0,0.0,0.0,3840.0,741,0,0.0,22,10764773456.0,0.0,1.257324,0.0,43,382,0.0,0.0,72.421875,-9.12,0.0,0.0,21.201579,896,414
123,123,0.0,6,0.0,25.95988,0.0,45.0,70.0,1,0.0,6,741,0.0,0.0,0.0,0.0,0.0,0.0,1.861572,25.273438,0.0,0.0,0.0,0.0,0.0,3840.0,741,0,0.0,22,10764773456.0,0.0,1.257324,0.0,43,382,0.0,0.0,72.421875,-9.12,0.0,0.0,21.201579,896,414
124,124,0.0,6,0.0,25.95988,0.0,45.0,70.0,1,0.0,6,741,0.0,0.0,0.0,0.0,0.0,0.0,1.861572,25.273438,0.0,0.0,0.0,0.0,0.0,3840.0,741,0,0.0,22,10764773456.0,0.0,1.257324,0.0,43,382,0.0,0.0,72.421875,-9.12,0.0,0.0,21.201579,896,414
125,125,0.0,6,0.0,25.95988,0.0,45.0,70.0,1,0.0,6,741,0.0,0.0,0.0,0.0,0.0,0.0,1.861572,25.273438,0.0,0.0,0.0,0.0,0.0,3840.0,741,0,0.0,22,10764773456.0,0.0,1.257324,0.0,43,382,0.0,0.0,72.421875,-9.12,0.0,0.0,21.201579,896,414
126,126,0.0,6,0.0,25.95988,0.0,45.0,70.0,1,0.0,6,741,0.0,0.0,0.0,0.0,0.0,0.0,1.861572,25.273438,0.0,0.0,0.0,0.0,0.0,3840.0,741,0,0.0,22,10764773456.0,0.0,1.257324,0.0,43,382,0.0,0.0,72.421875,-9.12,0.0,0.0,21.201579,896,414
127,127,0.0,6,0.0,25.95988,0.0,45.0,70.0,1,0.0,6,741,0.0,0.0,0.0,0.0,0.0,0.0,1.861572,25.273438,0.0,0.0,0.0,0.0,0.0,3840.0,741,0,0.0,22,10764773456.0,0.0,1.257324,0.0,43,382,0.0,0.0,72.421875,-9.12,0.0,0.0,21.201579,896,414
128,128,0.0,6,0.0,25.95988,0.0,45.0,70.0,1,0.0,6,741,302.0,646.5,-0.164,-0.9287,-0.0664,0.0,1.861572,25.273438,0.0,0.0,0.0,0.0,0.0,3840.0,741,0,0.0,22,10764773456.0,0.0,1.257324,0.0,43,382,0.0,0.0,72.421875,-9.12,0.0,0.0,21.201579,896,414
129,129,0.0,6,0.0,25.95988,0.0,45.0,70.0,1,0.0,6,741,0.0,0.0,0.0,0.0,0.0,0.0,1.861572,25.273438,0.0,0.0,0.0,0.0,0.0,3840.0,741,0,0.0,22,10764773456.0,0.0,1.257324,0.0,43,382,0.0,0.0,72.421875,-9.12,0.0,0.0,21.201579,896,414
130,130,0.0,6,0.0,25.95988,0.0,45.0,70.0,1,0.0,6,741,302.0,646.5,-0.164,-0.9287,-0.0664,0.0,1.861572,25.273438,0.0,0.0,0.0,0.0,0.0,3840.0,741,0,0.0,22,10764773456.0,0.0,1.257324,0.0,43,382,0.0,0.0,72.421875,-9.12,0.0,0.0,21.201579,896,414
131,131,0.0,6,0.0,25.95988,0.0,45.0,70.0,1,0.0,6,741,0.0,0.0,0.0,0.0,0.0,0.0,1.861572,25.273438,0.0,0.0,0.0,0.0,0.0,3840.0,741,0,0.0,22,10764773456.0,0.0,1.257324,0.0,43,382,0.0,0.0,72.421875,-9.12,0.0,0.0,21.201579,896,414
132,132,0.0,6,0.0,25.95988,0.0,45.0,70.0,1,0.0,6,741,302.0,646.5,-0.164,-0.9287,-0.0664,0.0,1.861572,25.273438,0.0,0.0,0.0,0.0,0.0,3840.0,741,0,0.0,22,10764773456.0,0.0,1.257324,0.0,43,382,0.0,0.0,72.421875,-9.12,0.0,0.0,21.201579,896,414
133,133,0.0,6,0.0,25.95988,0.0,45.0,70.0,1,0.0,6,741,302.0,646.5,-0.164,-0.9287,-0.0664,0.0,1.861572,25.273438,0.0,0.0,0.0,0.0,0.0,3840.0,741,0,0.0,22,10764773456.0,0.0,1.257324,0.0,43,382,0.0,0.0,72.421875,-9.12,0.0,0.0,21.201579,896,414
134,134,0.0,6,0.0,25.95988,0.0,45.0,70.0,1,0.0,6,741,302.0,646.5,-0.164,-0.9287,-0.0664,0.0,1.861572,25.273438,0.0,0.0,0.0,0.0,0.0,3840.0,741,0,0.0,22,10764773456.0,0.0,1.257324,0.0,43,382,0.0,0.0,72.421875,-9.12,0.0,0.0,21.201579,896,414
135,135,0.0,6,0.0,25.95988,0.0,45.0,70.0,1,0.0,6,741,302.0,646.5,-0.164,-0.9287,-0.0664,0.0,1.861572,25.273438,0.0,0.0,0.0,0.0,0.0,3840.0,741,0,0.0,22,10764773456.0,0.0,1.257324,0.0,43,382,0.0,0.0,72.421875,-9.12,0.0,0.0,21.201579,896,414
136,136,0.0,6,0.0,26.365967,0.0,45.0,70.0,1,0.0,6,741,330.0,233.5,-0.106,-0.9926,0.0879,0.0,1.714274,25.167643,0.0,0.0,0.0,0.0,0.0,3840.0,741,0,0.0,22,10765210832.0,0.0,1.280111,0.0,43,382,0.0,0.0,72.5,-9.12,0.0,0.0,20.972087,896,414
137,137,0.0,6,0.0,26.365967,0.0,45.0,70.0,1,0.0,6,741,330.0,233.5,-0.106,-0.9926,0.0879,0.0,1.714274,25.167643,0.0,0.0,0.0,0.0,0.0,3840.0,741,0,0.0,22,10765210832.0,0.0,1.280111,0.0,43,382,0.0,0.0,72.5,-9.12,0.0,0.0,20.972087,896,414
138,138,0.0,6,0.0,26.365967,0.0,45.0,70.0,1,0.0,6,741,330.0,233.5,-0.106,-0.9926,0.0879,0.0,1.714274,25.167643,0.0,0.0,0.0,0.0,0.0,3840.0,741,0,0.0,22,10765210832.0,0.0,1.280111,0.0,43,382,0.0,0.0,72.5,-9.12,0.0,0.0,20.972087,896,414
139,139,0.0,6,0.0,26.365967,0.0,45.0,70.0,1,0.0,6,741,330.0,233.5,-0.106,-0.9926,0.0879,0.0,1.714274,25.167643,0.0,0.0,0.0,0.0,0.0,3840.0,741,0,0.0,22,10765210832.0,0.0,1.280111,0.0,43,382,0.0,0.0,72.5,-9.12,0.0,0.0,20.972087,896,414
140,140,0.0,6,0.0,26.365967,0.0,45.0,70.0,1,0.0,6,741,330.0,233.5,-0.106,-0.9926,0.0879,0.0,1.714274,25.167643,0.0,0.0,0.0,0.0,0.0,3840.0,741,0,0.0,22,10765210832.0,0.0,1.280111,0.0,43,382,0.0,0.0,72.5,-9.12,0.0,0.0,20.972087,896,414
141,141,0.0,6,0.0,26.365967,0.0,45.0,70.0,1,0.0,6,741,330.0,233.5,-0.106,-0.9926,0.0879,0.0,1.714274,25.167643,0.0,0.0,0.0,0.0,0.0,3840.0,741,0,0.0,22,10765210832.0,0.0,1.280111,0.0,43,382,0.0,0.0,72.5,-9.12,0.0,0.0,20.972087,896,414
142,142,0.0,6,0.0,26.365967,0.0,45.0,70.0,1,0.0,6,741,330.0,233.5,-0.106,-0.9926,0.0879,0.0,1.714274,25.167643,0.0,0.0,0.0,0.0,0.0,3840.0,741,0,0.0,22,10765210832.0,0.0,1.280111,0.0,43,382,0.0,0.0,72.5,-9.12,0.0,0.0,20.972087,896,414
143,143,0.0,6,0.0,26.365967,0.0,45.0,70.0,1,0.0,6,741,330.0,233.5,-0.106,-0.9926,0.0879,0.0,1.714274,25.167643,0.0,0.0,0.0,0.0,0.0,3840.0,741,0,0.0,22,10765210832.0,0.0,1.280111,0.0,43,382,0.0,0.0,72.5,-9.12,0.0,0.0,20.972087,896,414
144,144,0.0,6,0.0,26.365967,0.0,45.0,70.0,1,0.0,6,741,0.0,0.0,0.0,0.0,0.0,0.0,1.714274,25.167643,0.0,0.0,0.0,0.0,0.0,3840.0,741,0,0.0,22,10765210832.0,0.0,1.280111,0.0,43,382,0.0,0.0,72.5,-9.12,0.0,0.0,20.972087,896,414
145,145,0.0,6,0.0,26.365967,0.0,45.0,70.0,1,0.0,6,741,0.0,0.0,0.0,0.0,0.0,0.0,1.714274,25.167643,0.0,0.0,0.0,0.0,0.0,3840.0,741,0,0.0,22,10765210832.0,0.0,1.280111,0.0,43,382,0.0,0.0,72.5,-9.12,0.0,0.0,20.972087,896,414
146,146,0.0,6,0.0,26.365967,0.0,45.0,70.0,1,0.0,6,741,0.0,0.0,0.0,0.0,0.0,0.0,1.714274,25.167643,0.0,0.0,0.0,0.0,0.0,3840.0,741,0,0.0,22,10765210832.0,0.0,1.280111,0.0,43,382,0.0,0.0,72.5,-9.12,0.0,0.0,20.972087,896,414
147,147,0.0,6,0.0,26.365967,0.0,45.0,70.0,1,0.0,6,741,102.409088,615.645706,-0.1647,-0.9621,-0.0354,0.0,1.714274,25.167643,0.0,0.0,0.0,0.0,0.0,3840.0,741,0,0.0,22,10765210832.0,0.0,1.280111,0.0,43,382,0.0,0.0,72.5,-9.12,0.0,0.0,20.972087,896,414
148,148,0.0,6,0.0,26.365967,0.0,45.0,70.0,1,0.0,6,741,102.409088,615.645706,-0.1647,-0.9621,-0.0354,0.0,1.714274,25.167643,0.0,0.0,0.0,0.0,0.0,3840.0,741,0,0.0,22,10765210832.0,0.0,1.280111,0.0,43,382,0.0,0.0,72.5,-9.12,0.0,0.0,20.972087,896,414
149,149,0.0,6,0.0,26.365967,0.0,45.0,70.0,1,0.0,6,741,102.409088,615.645706,-0.1647,-0.9621,-0.0354,0.0,1.714274,25.167643,0.0,0.0,0.0,0.0,0.0,3840.0,741,0,0.0,22,10765210832.0,0.0,1.280111,0.0,43,382,0.0,0.0,72.5,-9.12,0.0,0.0,20.972087,896,414
150,150,0.0,6,0.0,26.365967,0.0,45.0,70.0,1,0.0,6,741,0.0,0.0,0.0,0.0,0.0,0.0,1.714274,25.167643,0.0,0.0,0.0,0.0,0.0,3840.0,741,0,0.0,22,10765210832.0,0.0,1.280111,0.0,43,382,0.0,0.0,72.5,-9.12,0.0,0.0,20.972087,896,414
151,151,0.0,6,0.0,26.365967,0.0,45.0,70.0,1,0.0,6,741,102.409088,615.645706,-0.1647,-0.9621,-0.0354,0.0,1.714274,25.167643,0.0,0.0,0.0,0.0,0.0,3840.0,741,0,0.0,22,10765210832.0,0.0,1.280111,0.0,43,382,0.0,0.0,72.5,-9.12,0.0,0.0,20.972087,896,414
152,152,0.0,6,0.0,26.365967,0.0,45.0,70.0,1,0.0,6,741,0.0,0.0,0.0,0.0,0.0,0.0,1.714274,25.167643,0.0,0.0,0.0,0.0,0.0,3840.0,741,0,0.0,22,10765210832.0,0.0,1.280111,0.0,43,382,0.0,0.0,72.5,-9.12,0.0,0.0,20.972087,896,414
153,153,0.0,6,0.0,26.365967,0.0,45.0,70.0,1,0.0,6,741,102.409088,615.645706,-0.1647,-0.9621,-0.0354,0.0,1.714274,25.167643,0.0,0.0,0.0,0.0,0.0,3840.0,741,0,0.0,22,10765210832.0,0.0,1.280111,0.0,43,382,0.0,0.0,72.5,-9.12,0.0,0.0,20.972087,896,414
154,154,0.0,6,0.0,26.365967,0.0,45.0,70.0,1,0.0,6,741,0.0,0.0,0.0,0.0,0.0,0.0,1.714274,25.167643,0.0,0.0,0.0,0.0,0.0,3840.0,741,0,0.0,22,10765210832.0,0.0,1.280111,0.0,43,382,0.0,0.0,72.5,-9.12,0.0,0.0,20.972087,896,414
155,155,0.0,6,0.0,26.315511,0.0,45.0,70.0,1,0.0,6,741,0.0,0.0,0.0,0.0,0.0,0.0,2.560221,24.153239,0.0,0.0,0.0,0.0,0.0,3840.0,741,0,0.0,22,10765128384.0,0.0,1.083577,0.0,43,382,0.0,0.0,71.614583,-9.12,0.0,0.0,21.161296,896,414
156,156,0.0,6,0.0,26.315511,0.0,45.0,70.0,1,0.0,6,741,0.0,0.0,0.0,0.0,0.0,0.0,2.560221,24.153239,0.0,0.0,0.0,0.0,0.0,3840.0,741,0,0.0,22,10765128384.0,0.0,1.083577,0.0,43,382,0.0,0.0,71.614583,-9.12,0.0,0.0,21.161296,896,414
157,157,0.0,6,0.0,26.315511,0.0,45.0,70.0,1,0.0,6,741,0.0,0.0,0.0,0.0,0.0,0.0,2.560221,24.153239,0.0,0.0,0.0,0.0,0.0,3840.0,741,0,0.0,22,10765128384.0,0.0,1.083577,0.0,43,382,0.0,0.0,71.614583,-9.12,0.0,0.0,21.161296,896,414
158,158,0.0,6,0.0,26.315511,0.0,45.0,70.0,1,0.0,6,741,0.0,0.0,0.0,0.0,0.0,0.0,2.560221,24.153239,0.0,0.0,0.0,0.0,0.0,3840.0,741,0,0.0,22,10765128384.0,0.0,1.083577,0.0,43,382,0.0,0.0,71.614583,-9.12,0.0,0.0,21.161296,896,414
159,159,0.0,6,0.0,26.315511,0.0,45.0,70.0,1,0.0,6,741,0.0,0.0,0.0,0.0,0.0,0.0,2.560221,24.153239,0.0,0.0,0.0,0.0,0.0,3840.0,741,0,0.0,22,10765128384.0,0.0,1.083577,0.0,43,382,0.0,0.0,71.614583,-9.12,0.0,0.0,21.161296,896,414
160,160,0.0,6,0.0,26.315511,0.0,45.0,70.0,1,0.0,6,741,0.0,0.0,0.0,0.0,0.0,0.0,2.560221,24.153239,0.0,0.0,0.0,0.0,0.0,3840.0,741,0,0.0,22,10765128384.0,0.0,1.083577,0.0,43,382,0.0,0.0,71.614583,-9.12,0.0,0.0,21.161296,896,414
161,161,0.0,6,0.0,26.315511,0.0,45.0,70.0,1,0.0,6,741,80.5,810.0,-0.0264,-0.9692,-0.0701,0.0,2.560221,24.153239,0.0,0.0,0.0,0.0,0.0,3840.0,741,0,0.0,22,10765128384.0,0.0,1.083577,0.0,43,382,0.0,0.0,71.614583,-9.12,0.0,0.0,21.161296,896,414
162,162,0.0,6,0.0,26.315511,0.0,45.0,70.0,1,0.0,6,741,0.0,0.0,0.0,0.0,0.0,0.0,2.560221,24.153239,0.0,0.0,0.0,0.0,0.0,3840.0,741,0,0.0,22,10765128384.0,0.0,1.083577,0.0,43,382,0.0,0.0,71.614583,-9.12,0.0,0.0,21.161296,896,414
163,163,0.0,6,0.0,26.315511,0.0,45.0,70.0,1,0.0,6,741,0.0,0.0,0.0,0.0,0.0,0.0,2.560221,24.153239,0.0,0.0,0.0,0.0,0.0,3840.0,741,0,0.0,22,10765128384.0,0.0,1.083577,0.0,43,382,0.0,0.0,71.614583,-9.12,0.0,0.0,21.161296,896,414
164,164,0.0,6,0.0,26.315511,0.0,45.0,70.0,1,0.0,6,741,0.0,0.0,0.0,0.0,0.0,0.0,2.560221,24.153239,0.0,0.0,0.0,0.0,0.0,3840.0,741,0,0.0,22,10765128384.0,0.0,1.083577,0.0,43,382,0.0,0.0,71.614583,-9.12,0.0,0.0,21.161296,896,414
165,165,0.0,6,0.0,26.315511,0.0,45.0,70.0,1,0.0,6,741,0.0,0.0,0.0,0.0,0.0,0.0,2.560221,24.153239,0.0,0.0,0.0,0.0,0.0,3840.0,741,0,0.0,22,10765128384.0,0.0,1.083577,0.0,43,382,0.0,0.0,71.614583,-9.12,0.0,0.0,21.161296,896,414
166,166,0.0,6,0.0,26.315511,0.0,45.0,70.0,1,0.0,6,741,0.0,0.0,0.0,0.0,0.0,0.0,2.560221,24.153239,0.0,0.0,0.0,0.0,0.0,3840.0,741,0,0.0,22,10765128384.0,0.0,1.083577,0.0,43,382,0.0,0.0,71.614583,-9.12,0.0,0.0,21.161296,896,414
167,167,0.0,6,0.0,26.315511,0.0,45.0,70.0,1,0.0,6,741,280.0,662.5,-0.0881,-0.9618,0.0303,0.0,2.560221,24.153239,0.0,0.0,0.0,0.0,0.0,3840.0,741,0,0.0,22,10765128384.0,0.0,1.083577,0.0,43,382,0.0,0.0,71.614583,-9.12,0.0,0.0,21.161296,896,414
168,168,0.0,6,0.0,26.315511,0.0,45.0,70.0,1,0.0,6,741,0.0,0.0,0.0,0.0,0.0,0.0,2.560221,24.153239,0.0,0.0,0.0,0.0,0.0,3840.0,741,0,0.0,22,10765128384.0,0.0,1.083577,0.0,43,382,0.0,0.0,71.614583,-9.12,0.0,0.0,21.161296,896,414
169,169,0.0,6,0.0,26.315511,0.0,45.0,70.0,1,0.0,6,741,0.0,0.0,0.0,0.0,0.0,0.0,2.560221,24.153239,0.0,0.0,0.0,0.0,0.0,3840.0,741,0,0.0,22,10765128384.0,0.0,1.083577,0.0,43,382,0.0,0.0,71.614583,-9.12,0.0,0.0,21.161296,896,414
170,170,0.0,6,0.0,26.315511,0.0,45.0,70.0,1,0.0,6,741,53.5,95.0,-0.125,-0.977,-0.1275,0.0,2.560221,24.153239,0.0,0.0,0.0,0.0,0.0,3840.0,741,0,0.0,22,10765128384.0,0.0,1.083577,0.0,43,382,0.0,0.0,71.614583,-9.12,0.0,0.0,21.161296,896,414
171,171,0.0,6,0.0,26.315511,0.0,45.0,70.0,1,0.0,6,741,0.0,0.0,0.0,0.0,0.0,0.0,2.560221,24.153239,0.0,0.0,0.0,0.0,0.0,3840.0,741,0,0.0,22,10765128384.0,0.0,1.083577,0.0,43,382,0.0,0.0,71.614583,-9.12,0.0,0.0,21.161296,896,414
172,172,0.0,6,0.0,26.315511,0.0,45.0,70.0,1,0.0,6,741,280.0,662.5,-0.0881,-0.9618,0.0303,0.0,2.560221,24.153239,0.0,0.0,0.0,0.0,0.0,3840.0,741,0,0.0,22,10765128384.0,0.0,1.083577,0.0,43,382,0.0,0.0,71.614583,-9.12,0.0,0.0,21.161296,896,414
173,173,0.0,6,0.0,26.315511,0.0,45.0,70.0,1,0.0,6,741,0.0,0.0,0.0,0.0,0.0,0.0,2.560221,24.153239,0.0,0.0,0.0,0.0,0.0,3840.0,741,0,0.0,22,10765128384.0,0.0,1.083577,0.0,43,382,0.0,0.0,71.614583,-9.12,0.0,0.0,21.161296,896,414
174,174,0.0,6,0.0,26.24349,0.0,45.0,70.0,1,0.0,6,741,246.5,643.0,-0.1409,-0.9812,0.0684,0.0,2.636719,24.165039,0.0,29.150604,78.444214,246734.0,0.0,3840.0,741,0,0.0,22,10765254400.0,0.0,1.084391,0.0,43,382,0.0,0.0,71.614583,-9.12,0.0,0.0,21.208089,896,414
175,175,0.0,6,0.0,26.24349,0.0,45.0,70.0,1,0.0,6,741,0.0,0.0,0.0,0.0,0.0,0.0,2.636719,24.165039,0.0,29.150604,78.444214,246734.0,0.0,3840.0,741,0,0.0,22,10765254400.0,0.0,1.084391,0.0,43,382,0.0,0.0,71.614583,-9.12,0.0,0.0,21.208089,896,414
176,176,0.0,6,0.0,26.24349,0.0,45.0,70.0,1,0.0,6,741,280.0,665.0,-0.0775,-0.9885,-0.075,0.0,2.636719,24.165039,0.0,29.150604,78.444214,246734.0,0.0,3840.0,741,0,0.0,22,10765254400.0,0.0,1.084391,0.0,43,382,0.0,0.0,71.614583,-9.12,0.0,0.0,21.208089,896,414
177,177,0.0,6,0.0,26.24349,0.0,45.0,70.0,1,0.0,6,741,0.0,0.0,0.0,0.0,0.0,0.0,2.636719,24.165039,0.0,29.150604,78.444214,246734.0,0.0,3840.0,741,0,0.0,22,10765254400.0,0.0,1.084391,0.0,43,382,0.0,0.0,71.614583,-9.12,0.0,0.0,21.208089,896,414
178,178,0.0,6,0.0,26.24349,0.0,45.0,70.0,1,0.0,6,741,0.0,0.0,0.0,0.0,0.0,0.0,2.636719,24.165039,0.0,29.150604,78.444214,246734.0,0.0,3840.0,741,0,0.0,22,10765254400.0,0.0,1.084391,0.0,43,382,0.0,0.0,71.614583,-9.12,0.0,0.0,21.208089,896,414
179,179,0.0,6,0.0,26.24349,0.0,45.0,70.0,1,0.0,6,741,241.5,452.5,-0.2096,-0.9346,-0.1656,0.0,2.636719,24.165039,0.0,29.150604,78.444214,246734.0,0.0,3840.0,741,0,0.0,22,10765254400.0,0.0,1.084391,0.0,43,382,0.0,0.0,71.614583,-9.12,0.0,0.0,21.208089,896,414
180,180,0.0,6,0.0,26.24349,0.0,45.0,70.0,1,0.0,6,741,280.0,665.0,-0.0775,-0.9885,-0.075,0.0,2.636719,24.165039,0.0,29.150604,78.444214,246734.0,0.0,3840.0,741,0,0.0,22,10765254400.0,0.0,1.084391,0.0,43,382,0.0,0.0,71.614583,-9.12,0.0,0.0,21.208089,896,414
181,181,0.0,6,0.0,26.24349,0.0,45.0,70.0,1,0.0,6,741,241.5,452.5,-0.2096,-0.9346,-0.1656,0.0,2.636719,24.165039,0.0,29.150604,78.444214,246734.0,0.0,3840.0,741,0,0.0,22,10765254400.0,0.0,1.084391,0.0,43,382,0.0,0.0,71.614583,-9.12,0.0,0.0,21.208089,896,414
182,182,0.0,6,0.0,26.24349,0.0,45.0,70.0,1,0.0,6,741,241.5,452.5,-0.2096,-0.9346,-0.1656,0.0,2.636719,24.165039,0.0,29.150604,78.444214,246734.0,0.0,3840.0,741,0,0.0,22,10765254400.0,0.0,1.084391,0.0,43,382,0.0,0.0,71.614583,-9.12,0.0,0.0,21.208089,896,414
183,183,0.0,6,0.0,26.24349,0.0,45.0,70.0,1,0.0,6,741,241.5,452.5,-0.2096,-0.9346,-0.1656,0.0,2.636719,24.165039,0.0,29.150604,78.444214,246734.0,0.0,3840.0,741,0,0.0,22,10765254400.0,0.0,1.084391,0.0,43,382,0.0,0.0,71.614583,-9.12,0.0,0.0,21.208089,896,414
184,184,0.0,6,0.0,26.24349,0.0,45.0,70.0,1,0.0,6,741,0.0,0.0,0.0,0.0,0.0,0.0,2.636719,24.165039,0.0,29.150604,78.444214,246734.0,0.0,3840.0,741,0,0.0,22,10765254400.0,0.0,1.084391,0.0,43,382,0.0,0.0,71.614583,-9.12,0.0,0.0,21.208089,896,414
185,185,0.0,6,0.0,26.24349,0.0,45.0,70.0,1,0.0,6,741,241.5,452.5,-0.2096,-0.9346,-0.1656,0.0,2.636719,24.165039,0.0,29.150604,78.444214,246734.0,0.0,3840.0,741,0,0.0,22,10765254400.0,0.0,1.084391,0.0,43,382,0.0,0.0,71.614583,-9.12,0.0,0.0,21.208089,896,414
186,186,0.0,6,0.0,26.24349,0.0,45.0,70.0,1,0.0,6,741,0.0,0.0,0.0,0.0,0.0,0.0,2.636719,24.165039,0.0,29.150604,78.444214,246734.0,0.0,3840.0,741,0,0.0,22,10765254400.0,0.0,1.084391,0.0,43,382,0.0,0.0,71.614583,-9.12,0.0,0.0,21.208089,896,414
187,187,0.0,6,0.0,26.24349,0.0,45.0,70.0,1,0.0,6,741,0.0,0.0,0.0,0.0,0.0,0.0,2.636719,24.165039,0.0,29.150604,78.444214,246734.0,0.0,3840.0,741,0,0.0,22,10765254400.0,0.0,1.084391,0.0,43,382,0.0,0.0,71.614583,-9.12,0.0,0.0,21.208089,896,414
188,188,0.0,6,0.0,26.24349,0.0,45.0,70.0,1,0.0,6,741,0.0,0.0,0.0,0.0,0.0,0.0,2.636719,24.165039,0.0,29.150604,78.444214,246734.0,0.0,3840.0,741,0,0.0,22,10765254400.0,0.0,1.084391,0.0,43,382,0.0,0.0,71.614583,-9.12,0.0,0.0,21.208089,896,414
189,189,0.0,6,0.0,26.24349,0.0,45.0,70.0,1,0.0,6,741,0.0,0.0,0.0,0.0,0.0,0.0,2.636719,24.165039,0.0,29.150604,78.444214,246734.0,0.0,3840.0,741,0,0.0,22,10765254400.0,0.0,1.084391,0.0,43,382,0.0,0.0,71.614583,-9.12,0.0,0.0,21.208089,896,414
190,190,0.0,6,0.0,26.24349,0.0,45.0,70.0,1,0.0,6,741,0.0,0.0,0.0,0.0,0.0,0.0,2.636719,24.165039,0.0,29.150604,78.444214,246734.0,0.0,3840.0,741,0,0.0,22,10765254400.0,0.0,1.084391,0.0,43,382,0.0,0.0,71.614583,-9.12,0.0,0.0,21.208089,896,414
191,191,0.0,6,0.0,26.24349,0.0,45.0,70.0,1,0.0,6,741,0.0,0.0,0.0,0.0,0.0,0.0,2.636719,24.165039,0.0,29.150604,78.444214,246734.0,0.0,3840.0,741,0,0.0,22,10765254400.0,0.0,1.084391,0.0,43,382,0.0,0.0,71.614583,-9.12,0.0,0.0,21.208089,896,414
192,192,0.0,6,0.0,26.570638,0.0,45.0,70.0,1,0.0,6,741,0.0,0.0,0.0,0.0,0.0,0.0,2.438558,24.228923,0.0,0.0,0.0,0.0,0.0,3840.0,741,0,0.0,22,10765361600.0,0.0,1.085205,0.0,43,382,0.0,0.0,71.71875,-9.12,0.0,0.0,20.94279,896,414
193,193,0.0,6,0.0,25.692952,0.0,46.0,40.0,1,0.0,6,741,0.0,0.0,0.0,0.0,0.0,0.0,4.756266,22.827148,0.0,0.0,0.0,0.0,0.0,3840.0,741,0,0.0,22,10754830768.0,0.0,0.613607,0.0,43,382,0.0,0.0,70.0,-9.12,0.0,0.0,21.500244,896,414
194,194,0.0,6,0.0,25.692952,0.0,46.0,40.0,1,0.0,6,741,0.0,0.0,0.0,0.0,0.0,0.0,4.756266,22.827148,0.0,0.0,0.0,0.0,0.0,3840.0,741,0,0.0,22,10754830768.0,0.0,0.613607,0.0,43,382,0.0,0.0,70.0,-9.12,0.0,0.0,21.500244,896,414
195,195,0.0,6,0.0,25.692952,0.0,46.0,40.0,1,0.0,6,741,0.0,0.0,0.0,0.0,0.0,0.0,4.756266,22.827148,0.0,0.0,0.0,0.0,0.0,3840.0,741,0,0.0,22,10754830768.0,0.0,0.613607,0.0,43,382,0.0,0.0,70.0,-9.12,0.0,0.0,21.500244,896,414
196,196,0.0,6,0.0,25.692952,0.0,46.0,40.0,1,0.0,6,741,0.0,0.0,0.0,0.0,0.0,0.0,4.756266,22.827148,0.0,0.0,0.0,0.0,0.0,3840.0,741,0,0.0,22,10754830768.0,0.0,0.613607,0.0,43,382,0.0,0.0,70.0,-9.12,0.0,0.0,21.500244,896,414
197,197,0.0,6,0.0,25.692952,0.0,46.0,40.0,1,0.0,6,741,0.0,0.0,0.0,0.0,0.0,0.0,4.756266,22.827148,0.0,0.0,0.0,0.0,0.0,3840.0,741,0,0.0,22,10754830768.0,0.0,0.613607,0.0,43,382,0.0,0.0,70.0,-9.12,0.0,0.0,21.500244,896,414
198,198,0.0,6,0.0,25.692952,0.0,46.0,40.0,1,0.0,6,741,0.0,0.0,0.0,0.0,0.0,0.0,4.756266,22.827148,0.0,0.0,0.0,0.0,0.0,3840.0,741,0,0.0,22,10754830768.0,0.0,0.613607,0.0,43,382,0.0,0.0,70.0,-9.12,0.0,0.0,21.500244,896,414
199,199,0.0,6,0.0,25.692952,0.0,46.0,40.0,1,0.0,6,741,0.0,0.0,0.0,0.0,0.0,0.0,4.756266,22.827148,0.0,0.0,0.0,0.0,0.0,3840.0,741,0,0.0,22,10754830768.0,0.0,0.613607,0.0,43,382,0.0,0.0,70.0,-9.12,0.0,0.0,21.500244,896,414
200,200,0.0,6,0.0,25.692952,0.0,46.0,40.0,1,0.0,6,741,0.0,0.0,0.0,0.0,0.0,0.0,4.756266,22.827148,0.0,0.0,0.0,0.0,0.0,3840.0,741,0,0.0,22,10754830768.0,0.0,0.613607,0.0,43,382,0.0,0.0,70.0,-9.12,0.0,0.0,21.500244,896,414
201,201,0.0,6,0.0,25.692952,0.0,46.0,40.0,1,0.0,6,741,0.0,0.0,0.0,0.0,0.0,0.0,4.756266,22.827148,0.0,0.0,0.0,0.0,0.0,3840.0,741,0,0.0,22,10754830768.0,0.0,0.613607,0.0,43,382,0.0,0.0,70.0,-9.12,0.0,0.0,21.500244,896,414
202,202,0.0,6,0.0,25.692952,0.0,46.0,40.0,1,0.0,6,741,0.0,0.0,0.0,0.0,0.0,0.0,4.756266,22.827148,0.0,0.0,0.0,0.0,0.0,3840.0,741,0,0.0,22,10754830768.0,0.0,0.613607,0.0,43,382,0.0,0.0,70.0,-9.12,0.0,0.0,21.500244,896,414
203,203,0.0,6,0.0,25.692952,0.0,46.0,40.0,1,0.0,6,741,0.0,0.0,0.0,0.0,0.0,0.0,4.756266,22.827148,0.0,0.0,0.0,0.0,0.0,3840.0,741,0,0.0,22,10754830768.0,0.0,0.613607,0.0,43,382,0.0,0.0,70.0,-9.12,0.0,0.0,21.500244,896,414
204,204,0.0,6,0.0,25.692952,0.0,46.0,40.0,1,0.0,6,741,0.0,0.0,0.0,0.0,0.0,0.0,4.756266,22.827148,0.0,0.0,0.0,0.0,0.0,3840.0,741,0,0.0,22,10754830768.0,0.0,0.613607,0.0,43,382,0.0,0.0,70.0,-9.12,0.0,0.0,21.500244,896,414
205,205,0.0,6,0.0,25.692952,0.0,46.0,40.0,1,0.0,6,741,0.0,0.0,0.0,0.0,0.0,0.0,4.756266,22.827148,0.0,0.0,0.0,0.0,0.0,3840.0,741,0,0.0,22,10754830768.0,0.0,0.613607,0.0,43,382,0.0,0.0,70.0,-9.12,0.0,0.0,21.500244,896,414
206,206,0.0,6,0.0,25.692952,0.0,46.0,40.0,1,0.0,6,741,0.0,0.0,0.0,0.0,0.0,0.0,4.756266,22.827148,0.0,0.0,0.0,0.0,0.0,3840.0,741,0,0.0,22,10754830768.0,0.0,0.613607,0.0,43,382,0.0,0.0,70.0,-9.12,0.0,0.0,21.500244,896,414
207,207,0.0,6,0.0,25.692952,0.0,46.0,40.0,1,0.0,6,741,0.0,0.0,0.0,0.0,0.0,0.0,4.756266,22.827148,0.0,0.0,0.0,0.0,0.0,3840.0,741,0,0.0,22,10754830768.0,0.0,0.613607,0.0,43,382,0.0,0.0,70.0,-9.12,0.0,0.0,21.500244,896,414
208,208,0.0,6,0.0,25.692952,0.0,46.0,40.0,1,0.0,6,741,0.0,0.0,0.0,0.0,0.0,0.0,4.756266,22.827148,0.0,0.0,0.0,0.0,0.0,3840.0,741,0,0.0,22,10754830768.0,0.0,0.613607,0.0,43,382,0.0,0.0,70.0,-9.12,0.0,0.0,21.500244,896,414
209,209,0.0,6,0.0,25.692952,0.0,46.0,40.0,1,0.0,6,741,0.0,0.0,0.0,0.0,0.0,0.0,4.756266,22.827148,0.0,0.0,0.0,0.0,0.0,3840.0,741,0,0.0,22,10754830768.0,0.0,0.613607,0.0,43,382,0.0,0.0,70.0,-9.12,0.0,0.0,21.500244,896,414
210,210,0.0,6,0.0,25.692952,0.0,46.0,40.0,1,0.0,6,741,0.0,0.0,0.0,0.0,0.0,0.0,4.756266,22.827148,0.0,0.0,0.0,0.0,0.0,3840.0,741,0,0.0,22,10754830768.0,0.0,0.613607,0.0,43,382,0.0,0.0,70.0,-9.12,0.0,0.0,21.500244,896,414
211,211,0.0,6,0.0,25.692952,0.0,46.0,40.0,1,0.0,6,741,0.0,0.0,0.0,0.0,0.0,0.0,4.756266,22.827148,0.0,0.0,0.0,0.0,0.0,3840.0,741,0,0.0,22,10754830768.0,0.0,0.613607,0.0,43,382,0.0,0.0,70.0,-9.12,0.0,0.0,21.500244,896,414
212,212,0.0,6,0.0,25.984701,0.0,46.0,40.0,1,0.0,6,741,0.0,0.0,0.0,0.0,0.0,0.0,4.753418,22.630615,0.0,0.0,0.0,0.0,0.0,3840.0,741,0,0.0,22,10755035888.0,0.0,0.623779,0.0,43,382,0.0,0.0,70.026042,-9.12,0.0,0.0,21.430257,896,414
213,213,0.0,6,0.0,25.984701,0.0,46.0,40.0,1,0.0,6,741,0.0,0.0,0.0,0.0,0.0,0.0,4.753418,22.630615,0.0,0.0,0.0,0.0,0.0,3840.0,741,0,0.0,22,10755035888.0,0.0,0.623779,0.0,43,382,0.0,0.0,70.026042,-9.12,0.0,0.0,21.430257,896,414
214,214,0.0,6,0.0,25.984701,0.0,46.0,40.0,1,0.0,6,741,0.0,0.0,0.0,0.0,0.0,0.0,4.753418,22.630615,0.0,0.0,0.0,0.0,0.0,3840.0,741,0,0.0,22,10755035888.0,0.0,0.623779,0.0,43,382,0.0,0.0,70.026042,-9.12,0.0,0.0,21.430257,896,414
215,215,0.0,6,0.0,25.984701,0.0,46.0,40.0,1,0.0,6,741,0.0,0.0,0.0,0.0,0.0,0.0,4.753418,22.630615,0.0,0.0,0.0,0.0,0.0,3840.0,741,0,0.0,22,10755035888.0,0.0,0.623779,0.0,43,382,0.0,0.0,70.026042,-9.12,0.0,0.0,21.430257,896,414
216,216,0.0,6,0.0,25.984701,0.0,46.0,40.0,1,0.0,6,741,0.0,0.0,0.0,0.0,0.0,0.0,4.753418,22.630615,0.0,0.0,0.0,0.0,0.0,3840.0,741,0,0.0,22,10755035888.0,0.0,0.623779,0.0,43,382,0.0,0.0,70.026042,-9.12,0.0,0.0,21.430257,896,414
217,217,0.0,6,0.0,25.984701,0.0,46.0,40.0,1,0.0,6,741,0.0,0.0,0.0,0.0,0.0,0.0,4.753418,22.630615,0.0,0.0,0.0,0.0,0.0,3840.0,741,0,0.0,22,10755035888.0,0.0,0.623779,0.0,43,382,0.0,0.0,70.026042,-9.12,0.0,0.0,21.430257,896,414
218,218,0.0,6,0.0,25.984701,0.0,46.0,40.0,1,0.0,6,741,154.5,807.5,-0.7103,-0.6293,0.0196,0.0,4.753418,22.630615,0.0,0.0,0.0,0.0,0.0,3840.0,741,0,0.0,22,10755035888.0,0.0,0.623779,0.0,43,382,0.0,0.0,70.026042,-9.12,0.0,0.0,21.430257,896,414
219,219,0.0,6,0.0,25.984701,0.0,46.0,40.0,1,0.0,6,741,0.0,0.0,0.0,0.0,0.0,0.0,4.753418,22.630615,0.0,0.0,0.0,0.0,0.0,3840.0,741,0,0.0,22,10755035888.0,0.0,0.623779,0.0,43,382,0.0,0.0,70.026042,-9.12,0.0,0.0,21.430257,896,414
220,220,0.0,6,0.0,25.984701,0.0,46.0,40.0,1,0.0,6,741,0.0,0.0,0.0,0.0,0.0,0.0,4.753418,22.630615,0.0,0.0,0.0,0.0,0.0,3840.0,741,0,0.0,22,10755035888.0,0.0,0.623779,0.0,43,382,0.0,0.0,70.026042,-9.12,0.0,0.0,21.430257,896,414
221,221,0.0,6,0.0,25.984701,0.0,46.0,40.0,1,0.0,6,741,0.0,0.0,0.0,0.0,0.0,0.0,4.753418,22.630615,0.0,0.0,0.0,0.0,0.0,3840.0,741,0,0.0,22,10755035888.0,0.0,0.623779,0.0,43,382,0.0,0.0,70.026042,-9.12,0.0,0.0,21.430257,896,414
222,222,0.0,6,0.0,25.984701,0.0,46.0,40.0,1,0.0,6,741,0.0,0.0,0.0,0.0,0.0,0.0,4.753418,22.630615,0.0,0.0,0.0,0.0,0.0,3840.0,741,0,0.0,22,10755035888.0,0.0,0.623779,0.0,43,382,0.0,0.0,70.026042,-9.12,0.0,0.0,21.430257,896,414
223,223,0.0,6,0.0,25.984701,0.0,46.0,40.0,1,0.0,6,741,378.0,635.0,-0.432,-0.6885,0.827,0.0,4.753418,22.630615,0.0,0.0,0.0,0.0,0.0,3840.0,741,0,0.0,22,10755035888.0,0.0,0.623779,0.0,43,382,0.0,0.0,70.026042,-9.12,0.0,0.0,21.430257,896,414
224,224,0.0,6,0.0,25.984701,0.0,46.0,40.0,1,0.0,6,741,378.0,635.0,-0.432,-0.6885,0.827,0.0,4.753418,22.630615,0.0,0.0,0.0,0.0,0.0,3840.0,741,0,0.0,22,10755035888.0,0.0,0.623779,0.0,43,382,0.0,0.0,70.026042,-9.12,0.0,0.0,21.430257,896,414
225,225,0.0,6,0.0,25.984701,0.0,46.0,40.0,1,0.0,6,741,378.0,635.0,-0.432,-0.6885,0.827,0.0,4.753418,22.630615,0.0,0.0,0.0,0.0,0.0,3840.0,741,0,0.0,22,10755035888.0,0.0,0.623779,0.0,43,382,0.0,0.0,70.026042,-9.12,0.0,0.0,21.430257,896,414
226,226,0.0,6,0.0,25.984701,0.0,46.0,40.0,1,0.0,6,741,0.0,0.0,0.0,0.0,0.0,0.0,4.753418,22.630615,0.0,0.0,0.0,0.0,0.0,3840.0,741,0,0.0,22,10755035888.0,0.0,0.623779,0.0,43,382,0.0,0.0,70.026042,-9.12,0.0,0.0,21.430257,896,414
227,227,0.0,6,0.0,25.984701,0.0,46.0,40.0,1,0.0,6,741,0.0,0.0,0.0,0.0,0.0,0.0,4.753418,22.630615,0.0,0.0,0.0,0.0,0.0,3840.0,741,0,0.0,22,10755035888.0,0.0,0.623779,0.0,43,382,0.0,0.0,70.026042,-9.12,0.0,0.0,21.430257,896,414
228,228,0.0,6,0.0,25.984701,0.0,46.0,40.0,1,0.0,6,741,0.0,0.0,0.0,0.0,0.0,0.0,4.753418,22.630615,0.0,0.0,0.0,0.0,0.0,3840.0,741,0,0.0,22,10755035888.0,0.0,0.623779,0.0,43,382,0.0,0.0,70.026042,-9.12,0.0,0.0,21.430257,896,414
229,229,0.0,6,0.0,25.984701,0.0,46.0,40.0,1,0.0,6,741,0.0,0.0,0.0,0.0,0.0,0.0,4.753418,22.630615,0.0,0.0,0.0,0.0,0.0,3840.0,741,0,0.0,22,10755035888.0,0.0,0.623779,0.0,43,382,0.0,0.0,70.026042,-9.12,0.0,0.0,21.430257,896,414
230,230,0.0,6,0.0,25.984701,0.0,46.0,40.0,1,0.0,6,741,0.0,0.0,0.0,0.0,0.0,0.0,4.753418,22.630615,0.0,0.0,0.0,0.0,0.0,3840.0,741,0,0.0,22,10755035888.0,0.0,0.623779,0.0,43,382,0.0,0.0,70.026042,-9.12,0.0,0.0,21.430257,896,414
231,231,0.0,6,0.0,26.016032,0.0,46.0,40.0,1,0.0,6,741,83.5,632.0,-0.7356,-0.5931,0.2807,0.0,4.768066,22.473958,0.0,0.0,0.0,0.0,0.0,3840.0,741,0,0.0,22,10755451680.0,0.0,0.609131,0.0,43,382,0.0,0.0,70.026042,-9.12,0.0,0.0,21.537272,896,414
232,232,0.0,6,0.0,26.016032,0.0,46.0,40.0,1,0.0,6,741,0.0,0.0,0.0,0.0,0.0,0.0,4.768066,22.473958,0.0,0.0,0.0,0.0,0.0,3840.0,741,0,0.0,22,10755451680.0,0.0,0.609131,0.0,43,382,0.0,0.0,70.026042,-9.12,0.0,0.0,21.537272,896,414
233,233,0.0,6,0.0,26.016032,0.0,46.0,40.0,1,0.0,6,741,0.0,0.0,0.0,0.0,0.0,0.0,4.768066,22.473958,0.0,0.0,0.0,0.0,0.0,3840.0,741,0,0.0,22,10755451680.0,0.0,0.609131,0.0,43,382,0.0,0.0,70.026042,-9.12,0.0,0.0,21.537272,896,414
234,234,0.0,6,0.0,26.016032,0.0,46.0,40.0,1,0.0,6,741,0.0,0.0,0.0,0.0,0.0,0.0,4.768066,22.473958,0.0,0.0,0.0,0.0,0.0,3840.0,741,0,0.0,22,10755451680.0,0.0,0.609131,0.0,43,382,0.0,0.0,70.026042,-9.12,0.0,0.0,21.537272,896,414
235,235,0.0,6,0.0,26.016032,0.0,46.0,40.0,1,0.0,6,741,0.0,0.0,0.0,0.0,0.0,0.0,4.768066,22.473958,0.0,0.0,0.0,0.0,0.0,3840.0,741,0,0.0,22,10755451680.0,0.0,0.609131,0.0,43,382,0.0,0.0,70.026042,-9.12,0.0,0.0,21.537272,896,414
236,236,0.0,6,0.0,26.016032,0.0,46.0,40.0,1,0.0,6,741,0.0,0.0,0.0,0.0,0.0,0.0,4.768066,22.473958,0.0,0.0,0.0,0.0,0.0,3840.0,741,0,0.0,22,10755451680.0,0.0,0.609131,0.0,43,382,0.0,0.0,70.026042,-9.12,0.0,0.0,21.537272,896,414
237,237,0.0,6,0.0,26.016032,0.0,46.0,40.0,1,0.0,6,741,0.0,0.0,0.0,0.0,0.0,0.0,4.768066,22.473958,0.0,0.0,0.0,0.0,0.0,3840.0,741,0,0.0,22,10755451680.0,0.0,0.609131,0.0,43,382,0.0,0.0,70.026042,-9.12,0.0,0.0,21.537272,896,414
238,238,0.0,6,0.0,26.016032,0.0,46.0,40.0,1,0.0,6,741,0.0,0.0,0.0,0.0,0.0,0.0,4.768066,22.473958,0.0,0.0,0.0,0.0,0.0,3840.0,741,0,0.0,22,10755451680.0,0.0,0.609131,0.0,43,382,0.0,0.0,70.026042,-9.12,0.0,0.0,21.537272,896,414
239,239,0.0,6,0.0,26.016032,0.0,46.0,40.0,1,0.0,6,741,0.0,0.0,0.0,0.0,0.0,0.0,4.768066,22.473958,0.0,0.0,0.0,0.0,0.0,3840.0,741,0,0.0,22,10755451680.0,0.0,0.609131,0.0,43,382,0.0,0.0,70.026042,-9.12,0.0,0.0,21.537272,896,414
240,240,0.0,6,0.0,26.016032,0.0,46.0,40.0,1,0.0,6,741,0.0,0.0,0.0,0.0,0.0,0.0,4.768066,22.473958,0.0,0.0,0.0,0.0,0.0,3840.0,741,0,0.0,22,10755451680.0,0.0,0.609131,0.0,43,382,0.0,0.0,70.026042,-9.12,0.0,0.0,21.537272,896,414
241,241,0.0,6,0.0,26.016032,0.0,46.0,40.0,1,0.0,6,741,0.0,0.0,0.0,0.0,0.0,0.0,4.768066,22.473958,0.0,0.0,0.0,0.0,0.0,3840.0,741,0,0.0,22,10755451680.0,0.0,0.609131,0.0,43,382,0.0,0.0,70.026042,-9.12,0.0,0.0,21.537272,896,414
242,242,0.0,6,0.0,26.016032,0.0,46.0,40.0,1,0.0,6,741,0.0,0.0,0.0,0.0,0.0,0.0,4.768066,22.473958,0.0,0.0,0.0,0.0,0.0,3840.0,741,0,0.0,22,10755451680.0,0.0,0.609131,0.0,43,382,0.0,0.0,70.026042,-9.12,0.0,0.0,21.537272,896,414
243,243,0.0,6,0.0,26.016032,0.0,46.0,40.0,1,0.0,6,741,0.0,0.0,0.0,0.0,0.0,0.0,4.768066,22.473958,0.0,0.0,0.0,0.0,0.0,3840.0,741,0,0.0,22,10755451680.0,0.0,0.609131,0.0,43,382,0.0,0.0,70.026042,-9.12,0.0,0.0,21.537272,896,414
244,244,0.0,6,0.0,26.016032,0.0,46.0,40.0,1,0.0,6,741,0.0,0.0,0.0,0.0,0.0,0.0,4.768066,22.473958,0.0,0.0,0.0,0.0,0.0,3840.0,741,0,0.0,22,10755451680.0,0.0,0.609131,0.0,43,382,0.0,0.0,70.026042,-9.12,0.0,0.0,21.537272,896,414
245,245,0.0,6,0.0,26.016032,0.0,46.0,40.0,1,0.0,6,741,0.0,0.0,0.0,0.0,0.0,0.0,4.768066,22.473958,0.0,0.0,0.0,0.0,0.0,3840.0,741,0,0.0,22,10755451680.0,0.0,0.609131,0.0,43,382,0.0,0.0,70.026042,-9.12,0.0,0.0,21.537272,896,414
246,246,0.0,6,0.0,26.016032,0.0,46.0,40.0,1,0.0,6,741,83.5,632.0,-0.7356,-0.5931,0.2807,0.0,4.768066,22.473958,0.0,0.0,0.0,0.0,0.0,3840.0,741,0,0.0,22,10755451680.0,0.0,0.609131,0.0,43,382,0.0,0.0,70.026042,-9.12,0.0,0.0,21.537272,896,414
247,247,0.0,6,0.0,26.016032,0.0,46.0,40.0,1,0.0,6,741,83.5,632.0,-0.7356,-0.5931,0.2807,0.0,4.768066,22.473958,0.0,0.0,0.0,0.0,0.0,3840.0,741,0,0.0,22,10755451680.0,0.0,0.609131,0.0,43,382,0.0,0.0,70.026042,-9.12,0.0,0.0,21.537272,896,414
248,248,0.0,6,0.0,26.016032,0.0,46.0,40.0,1,0.0,6,741,0.0,0.0,0.0,0.0,0.0,0.0,4.768066,22.473958,0.0,0.0,0.0,0.0,0.0,3840.0,741,0,0.0,22,10755451680.0,0.0,0.609131,0.0,43,382,0.0,0.0,70.026042,-9.12,0.0,0.0,21.537272,896,414
249,249,0.0,6,0.0,26.016032,0.0,46.0,40.0,1,0.0,6,741,83.5,632.0,-0.7356,-0.5931,0.2807,0.0,4.768066,22.473958,0.0,0.0,0.0,0.0,0.0,3840.0,741,0,0.0,22,10755451680.0,0.0,0.609131,0.0,43,382,0.0,0.0,70.026042,-9.12,0.0,0.0,21.537272,896,414
250,250,0.0,6,0.0,26.380208,0.0,46.0,40.0,1,0.0,6,741,219.0,626.0,-0.5726,-0.7115,0.3454,0.0,4.890137,22.695312,0.0,0.0,0.0,0.0,0.0,3840.0,741,0,0.0,22,10754890016.0,0.0,0.589193,0.0,43,382,0.0,0.0,69.84375,-9.12,0.0,0.0,20.78654,896,414
251,251,0.0,6,0.0,26.380208,0.0,46.0,40.0,1,0.0,6,741,219.0,626.0,-0.5726,-0.7115,0.3454,0.0,4.890137,22.695312,0.0,0.0,0.0,0.0,0.0,3840.0,741,0,0.0,22,10754890016.0,0.0,0.589193,0.0,43,382,0.0,0.0,69.84375,-9.12,0.0,0.0,20.78654,896,414
252,252,0.0,6,0.0,26.380208,0.0,46.0,40.0,1,0.0,6,741,219.0,626.0,-0.5726,-0.7115,0.3454,0.0,4.890137,22.695312,0.0,0.0,0.0,0.0,0.0,3840.0,741,0,0.0,22,10754890016.0,0.0,0.589193,0.0,43,382,0.0,0.0,69.84375,-9.12,0.0,0.0,20.78654,896,414
253,253,0.0,6,0.0,26.380208,0.0,46.0,40.0,1,0.0,6,741,219.0,626.0,-0.5726,-0.7115,0.3454,0.0,4.890137,22.695312,0.0,0.0,0.0,0.0,0.0,3840.0,741,0,0.0,22,10754890016.0,0.0,0.589193,0.0,43,382,0.0,0.0,69.84375,-9.12,0.0,0.0,20.78654,896,414
254,254,0.0,6,0.0,26.380208,0.0,46.0,40.0,1,0.0,6,741,219.0,626.0,-0.5726,-0.7115,0.3454,0.0,4.890137,22.695312,0.0,0.0,0.0,0.0,0.0,3840.0,741,0,0.0,22,10754890016.0,0.0,0.589193,0.0,43,382,0.0,0.0,69.84375,-9.12,0.0,0.0,20.78654,896,414
255,255,0.0,6,0.0,26.380208,0.0,46.0,40.0,1,0.0,6,741,219.0,626.0,-0.5726,-0.7115,0.3454,0.0,4.890137,22.695312,0.0,0.0,0.0,0.0,0.0,3840.0,741,0,0.0,22,10754890016.0,0.0,0.589193,0.0,43,382,0.0,0.0,69.84375,-9.12,0.0,0.0,20.78654,896,414
256,256,0.0,6,0.0,26.380208,0.0,46.0,40.0,1,0.0,6,741,219.0,626.0,-0.5726,-0.7115,0.3454,0.0,4.890137,22.695312,0.0,0.0,0.0,0.0,0.0,3840.0,741,0,0.0,22,10754890016.0,0.0,0.589193,0.0,43,382,0.0,0.0,69.84375,-9.12,0.0,0.0,20.78654,896,414
257,257,0.0,6,0.0,26.380208,0.0,46.0,40.0,1,0.0,6,741,219.0,626.0,-0.5726,-0.7115,0.3454,0.0,4.890137,22.695312,0.0,0.0,0.0,0.0,0.0,3840.0,741,0,0.0,22,10754890016.0,0.0,0.589193,0.0,43,382,0.0,0.0,69.84375,-9.12,0.0,0.0,20.78654,896,414
258,258,0.0,6,0.0,26.380208,0.0,46.0,40.0,1,0.0,6,741,219.0,626.0,-0.5726,-0.7115,0.3454,0.0,4.890137,22.695312,0.0,0.0,0.0,0.0,0.0,3840.0,741,0,0.0,22,10754890016.0,0.0,0.589193,0.0,43,382,0.0,0.0,69.84375,-9.12,0.0,0.0,20.78654,896,414
259,259,0.0,6,0.0,26.380208,0.0,46.0,40.0,1,0.0,6,741,219.0,626.0,-0.5726,-0.7115,0.3454,0.0,4.890137,22.695312,0.0,0.0,0.0,0.0,0.0,3840.0,741,0,0.0,22,10754890016.0,0.0,0.589193,0.0,43,382,0.0,0.0,69.84375,-9.12,0.0,0.0,20.78654,896,414
260,260,0.0,6,0.0,26.380208,0.0,46.0,40.0,1,0.0,6,741,219.0,626.0,-0.5726,-0.7115,0.3454,0.0,4.890137,22.695312,0.0,0.0,0.0,0.0,0.0,3840.0,741,0,0.0,22,10754890016.0,0.0,0.589193,0.0,43,382,0.0,0.0,69.84375,-9.12,0.0,0.0,20.78654,896,414
261,261,0.0,6,0.0,26.380208,0.0,46.0,40.0,1,0.0,6,741,219.0,626.0,-0.5726,-0.7115,0.3454,0.0,4.890137,22.695312,0.0,0.0,0.0,0.0,0.0,3840.0,741,0,0.0,22,10754890016.0,0.0,0.589193,0.0,43,382,0.0,0.0,69.84375,-9.12,0.0,0.0,20.78654,896,414
262,262,0.0,6,0.0,26.380208,0.0,46.0,40.0,1,0.0,6,741,219.0,626.0,-0.5726,-0.7115,0.3454,0.0,4.890137,22.695312,0.0,0.0,0.0,0.0,0.0,3840.0,741,0,0.0,22,10754890016.0,0.0,0.589193,0.0,43,382,0.0,0.0,69.84375,-9.12,0.0,0.0,20.78654,896,414
263,263,0.0,6,0.0,26.380208,0.0,46.0,40.0,1,0.0,6,741,219.0,626.0,-0.5726,-0.7115,0.3454,0.0,4.890137,22.695312,0.0,0.0,0.0,0.0,0.0,3840.0,741,0,0.0,22,10754890016.0,0.0,0.589193,0.0,43,382,0.0,0.0,69.84375,-9.12,0.0,0.0,20.78654,896,414
264,264,0.0,6,0.0,26.380208,0.0,46.0,40.0,1,0.0,6,741,219.0,626.0,-0.5726,-0.7115,0.3454,0.0,4.890137,22.695312,0.0,0.0,0.0,0.0,0.0,3840.0,741,0,0.0,22,10754890016.0,0.0,0.589193,0.0,43,382,0.0,0.0,69.84375,-9.12,0.0,0.0,20.78654,896,414
265,265,0.0,6,0.0,26.380208,0.0,46.0,40.0,1,0.0,6,741,219.0,626.0,-0.5726,-0.7115,0.3454,0.0,4.890137,22.695312,0.0,0.0,0.0,0.0,0.0,3840.0,741,0,0.0,22,10754890016.0,0.0,0.589193,0.0,43,382,0.0,0.0,69.84375,-9.12,0.0,0.0,20.78654,896,414
266,266,0.0,6,0.0,26.380208,0.0,46.0,40.0,1,0.0,6,741,108.5,620.0,-0.5645,-0.7365,0.2185,0.0,4.890137,22.695312,0.0,0.0,0.0,0.0,0.0,3840.0,741,0,0.0,22,10754890016.0,0.0,0.589193,0.0,43,382,0.0,0.0,69.84375,-9.12,0.0,0.0,20.78654,896,414
267,267,0.0,6,0.0,26.380208,0.0,46.0,40.0,1,0.0,6,741,0.0,0.0,0.0,0.0,0.0,0.0,4.890137,22.695312,0.0,0.0,0.0,0.0,0.0,3840.0,741,0,0.0,22,10754890016.0,0.0,0.589193,0.0,43,382,0.0,0.0,69.84375,-9.12,0.0,0.0,20.78654,896,414
268,268,0.0,6,0.0,26.380208,0.0,46.0,40.0,1,0.0,6,741,108.5,620.0,-0.5645,-0.7365,0.2185,0.0,4.890137,22.695312,0.0,0.0,0.0,0.0,0.0,3840.0,741,0,0.0,22,10754890016.0,0.0,0.589193,0.0,43,382,0.0,0.0,69.84375,-9.12,0.0,0.0,20.78654,896,414
269,269,0.0,6,0.0,25.797526,0.0,46.0,40.0,1,0.0,6,741,0.0,0.0,0.0,0.0,0.0,0.0,4.056396,22.698975,0.0,0.0,0.0,0.0,0.0,3840.0,741,0,0.0,22,10754915328.0,0.0,0.557861,0.0,43,382,0.0,0.0,70.677083,-9.12,0.0,0.0,22.183838,896,414
270,270,0.0,6,0.0,25.797526,0.0,46.0,40.0,1,0.0,6,741,0.0,0.0,0.0,0.0,0.0,0.0,4.056396,22.698975,0.0,0.0,0.0,0.0,0.0,3840.0,741,0,0.0,22,10754915328.0,0.0,0.557861,0.0,43,382,0.0,0.0,70.677083,-9.12,0.0,0.0,22.183838,896,414
271,271,0.0,6,0.0,25.797526,0.0,46.0,40.0,1,0.0,6,741,0.0,0.0,0.0,0.0,0.0,0.0,4.056396,22.698975,0.0,0.0,0.0,0.0,0.0,3840.0,741,0,0.0,22,10754915328.0,0.0,0.557861,0.0,43,382,0.0,0.0,70.677083,-9.12,0.0,0.0,22.183838,896,414
272,272,0.0,6,0.0,25.797526,0.0,46.0,40.0,1,0.0,6,741,0.0,0.0,0.0,0.0,0.0,0.0,4.056396,22.698975,0.0,0.0,0.0,0.0,0.0,3840.0,741,0,0.0,22,10754915328.0,0.0,0.557861,0.0,43,382,0.0,0.0,70.677083,-9.12,0.0,0.0,22.183838,896,414
273,273,0.0,6,0.0,25.797526,0.0,46.0,40.0,1,0.0,6,741,0.0,0.0,0.0,0.0,0.0,0.0,4.056396,22.698975,0.0,0.0,0.0,0.0,0.0,3840.0,741,0,0.0,22,10754915328.0,0.0,0.557861,0.0,43,382,0.0,0.0,70.677083,-9.12,0.0,0.0,22.183838,896,414
274,274,0.0,6,0.0,25.797526,0.0,46.0,40.0,1,0.0,6,741,0.0,0.0,0.0,0.0,0.0,0.0,4.056396,22.698975,0.0,0.0,0.0,0.0,0.0,3840.0,741,0,0.0,22,10754915328.0,0.0,0.557861,0.0,43,382,0.0,0.0,70.677083,-9.12,0.0,0.0,22.183838,896,414
275,275,0.0,6,0.0,25.797526,0.0,46.0,40.0,1,0.0,6,741,0.0,0.0,0.0,0.0,0.0,0.0,4.056396,22.698975,0.0,0.0,0.0,0.0,0.0,3840.0,741,0,0.0,22,10754915328.0,0.0,0.557861,0.0,43,382,0.0,0.0,70.677083,-9.12,0.0,0.0,22.183838,896,414
276,276,0.0,6,0.0,25.797526,0.0,46.0,40.0,1,0.0,6,741,0.0,0.0,0.0,0.0,0.0,0.0,4.056396,22.698975,0.0,0.0,0.0,0.0,0.0,3840.0,741,0,0.0,22,10754915328.0,0.0,0.557861,0.0,43,382,0.0,0.0,70.677083,-9.12,0.0,0.0,22.183838,896,414
277,277,0.0,6,0.0,25.797526,0.0,46.0,40.0,1,0.0,6,741,124.5,676.0,-0.0864,-0.9048,0.5341,0.0,4.056396,22.698975,0.0,0.0,0.0,0.0,0.0,3840.0,741,0,0.0,22,10754915328.0,0.0,0.557861,0.0,43,382,0.0,0.0,70.677083,-9.12,0.0,0.0,22.183838,896,414
278,278,0.0,6,0.0,25.797526,0.0,46.0,40.0,1,0.0,6,741,124.5,676.0,-0.0864,-0.9048,0.5341,0.0,4.056396,22.698975,0.0,0.0,0.0,0.0,0.0,3840.0,741,0,0.0,22,10754915328.0,0.0,0.557861,0.0,43,382,0.0,0.0,70.677083,-9.12,0.0,0.0,22.183838,896,414
279,279,0.0,6,0.0,25.797526,0.0,46.0,40.0,1,0.0,6,741,124.5,676.0,-0.0864,-0.9048,0.5341,0.0,4.056396,22.698975,0.0,0.0,0.0,0.0,0.0,3840.0,741,0,0.0,22,10754915328.0,0.0,0.557861,0.0,43,382,0.0,0.0,70.677083,-9.12,0.0,0.0,22.183838,896,414
280,280,0.0,6,0.0,25.797526,0.0,46.0,40.0,1,0.0,6,741,0.0,0.0,0.0,0.0,0.0,0.0,4.056396,22.698975,0.0,0.0,0.0,0.0,0.0,3840.0,741,0,0.0,22,10754915328.0,0.0,0.557861,0.0,43,382,0.0,0.0,70.677083,-9.12,0.0,0.0,22.183838,896,414
281,281,0.0,6,0.0,25.797526,0.0,46.0,40.0,1,0.0,6,741,0.0,0.0,0.0,0.0,0.0,0.0,4.056396,22.698975,0.0,0.0,0.0,0.0,0.0,3840.0,741,0,0.0,22,10754915328.0,0.0,0.557861,0.0,43,382,0.0,0.0,70.677083,-9.12,0.0,0.0,22.183838,896,414
282,282,0.0,6,0.0,25.797526,0.0,46.0,40.0,1,0.0,6,741,0.0,0.0,0.0,0.0,0.0,0.0,4.056396,22.698975,0.0,0.0,0.0,0.0,0.0,3840.0,741,0,0.0,22,10754915328.0,0.0,0.557861,0.0,43,382,0.0,0.0,70.677083,-9.12,0.0,0.0,22.183838,896,414
283,283,0.0,6,0.0,25.797526,0.0,46.0,40.0,1,0.0,6,741,0.0,0.0,0.0,0.0,0.0,0.0,4.056396,22.698975,0.0,0.0,0.0,0.0,0.0,3840.0,741,0,0.0,22,10754915328.0,0.0,0.557861,0.0,43,382,0.0,0.0,70.677083,-9.12,0.0,0.0,22.183838,896,414
284,284,0.0,6,0.0,25.797526,0.0,46.0,40.0,1,0.0,6,741,0.0,0.0,0.0,0.0,0.0,0.0,4.056396,22.698975,0.0,0.0,0.0,0.0,0.0,3840.0,741,0,0.0,22,10754915328.0,0.0,0.557861,0.0,43,382,0.0,0.0,70.677083,-9.12,0.0,0.0,22.183838,896,414
285,285,0.0,6,0.0,25.797526,0.0,46.0,40.0,1,0.0,6,741,0.0,0.0,0.0,0.0,0.0,0.0,4.056396,22.698975,0.0,0.0,0.0,0.0,0.0,3840.0,741,0,0.0,22,10754915328.0,0.0,0.557861,0.0,43,382,0.0,0.0,70.677083,-9.12,0.0,0.0,22.183838,896,414
286,286,0.0,6,0.0,25.797526,0.0,46.0,40.0,1,0.0,6,741,0.0,0.0,0.0,0.0,0.0,0.0,4.056396,22.698975,0.0,0.0,0.0,0.0,0.0,3840.0,741,0,0.0,22,10754915328.0,0.0,0.557861,0.0,43,382,0.0,0.0,70.677083,-9.12,0.0,0.0,22.183838,896,414
287,287,0.0,6,0.0,25.797526,0.0,46.0,40.0,1,0.0,6,741,0.0,0.0,0.0,0.0,0.0,0.0,4.056396,22.698975,0.0,0.0,0.0,0.0,0.0,3840.0,741,0,0.0,22,10754915328.0,0.0,0.557861,0.0,43,382,0.0,0.0,70.677083,-9.12,0.0,0.0,22.183838,896,414
288,288,0.0,6,0.0,26.413574,0.0,46.0,40.0,1,0.0,6,741,0.0,0.0,0.0,0.0,0.0,0.0,0.966797,25.89681,0.0,0.0,0.0,0.0,0.0,3840.0,741,0,0.0,22,10754816640.0,0.0,0.61971,0.0,43,382,0.0,0.0,74.791667,-9.12,0.0,0.0,22.482503,896,414
289,289,0.0,6,0.0,26.413574,0.0,46.0,40.0,1,0.0,6,741,159.196472,714.510727,-0.0455,-0.8494,0.5689,0.0,0.966797,25.89681,0.0,0.0,0.0,0.0,0.0,3840.0,741,0,0.0,22,10754816640.0,0.0,0.61971,0.0,43,382,0.0,0.0,74.791667,-9.12,0.0,0.0,22.482503,896,414
290,290,0.0,6,0.0,26.413574,0.0,46.0,40.0,1,0.0,6,741,0.0,0.0,0.0,0.0,0.0,0.0,0.966797,25.89681,0.0,0.0,0.0,0.0,0.0,3840.0,741,0,0.0,22,10754816640.0,0.0,0.61971,0.0,43,382,0.0,0.0,74.791667,-9.12,0.0,0.0,22.482503,896,414
291,291,0.0,6,0.0,26.413574,0.0,46.0,40.0,1,0.0,6,741,0.0,0.0,0.0,0.0,0.0,0.0,0.966797,25.89681,0.0,0.0,0.0,0.0,0.0,3840.0,741,0,0.0,22,10754816640.0,0.0,0.61971,0.0,43,382,0.0,0.0,74.791667,-9.12,0.0,0.0,22.482503,896,414
292,292,0.0,6,0.0,26.413574,0.0,46.0,40.0,1,0.0,6,741,0.0,0.0,0.0,0.0,0.0,0.0,0.966797,25.89681,0.0,0.0,0.0,0.0,0.0,3840.0,741,0,0.0,22,10754816640.0,0.0,0.61971,0.0,43,382,0.0,0.0,74.791667,-9.12,0.0,0.0,22.482503,896,414
293,293,0.0,6,0.0,26.413574,0.0,46.0,40.0,1,0.0,6,741,0.0,0.0,0.0,0.0,0.0,0.0,0.966797,25.89681,0.0,0.0,0.0,0.0,0.0,3840.0,741,0,0.0,22,10754816640.0,0.0,0.61971,0.0,43,382,0.0,0.0,74.791667,-9.12,0.0,0.0,22.482503,896,414
294,294,0.0,6,0.0,26.413574,0.0,46.0,40.0,1,0.0,6,741,0.0,0.0,0.0,0.0,0.0,0.0,0.966797,25.89681,0.0,0.0,0.0,0.0,0.0,3840.0,741,0,0.0,22,10754816640.0,0.0,0.61971,0.0,43,382,0.0,0.0,74.791667,-9.12,0.0,0.0,22.482503,896,414
295,295,0.0,6,0.0,26.413574,0.0,46.0,40.0,1,0.0,6,741,0.0,0.0,0.0,0.0,0.0,0.0,0.966797,25.89681,0.0,0.0,0.0,0.0,0.0,3840.0,741,0,0.0,22,10754816640.0,0.0,0.61971,0.0,43,382,0.0,0.0,74.791667,-9.12,0.0,0.0,22.482503,896,414
296,296,0.0,6,0.0,26.413574,0.0,46.0,40.0,1,0.0,6,741,0.0,0.0,0.0,0.0,0.0,0.0,0.966797,25.89681,0.0,0.0,0.0,0.0,0.0,3840.0,741,0,0.0,22,10754816640.0,0.0,0.61971,0.0,43,382,0.0,0.0,74.791667,-9.12,0.0,0.0,22.482503,896,414
297,297,0.0,6,0.0,26.413574,0.0,46.0,40.0,1,0.0,6,741,0.0,0.0,0.0,0.0,0.0,0.0,0.966797,25.89681,0.0,0.0,0.0,0.0,0.0,3840.0,741,0,0.0,22,10754816640.0,0.0,0.61971,0.0,43,382,0.0,0.0,74.791667,-9.12,0.0,0.0,22.482503,896,414
298,298,0.0,6,0.0,26.413574,0.0,46.0,40.0,1,0.0,6,741,0.0,0.0,0.0,0.0,0.0,0.0,0.966797,25.89681,0.0,0.0,0.0,0.0,0.0,3840.0,741,0,0.0,22,10754816640.0,0.0,0.61971,0.0,43,382,0.0,0.0,74.791667,-9.12,0.0,0.0,22.482503,896,414
299,299,0.0,6,0.0,26.413574,0.0,46.0,40.0,1,0.0,6,741,267.5,742.0,-0.0532,-0.8427,0.5913,0.0,0.966797,25.89681,0.0,0.0,0.0,0.0,0.0,3840.0,741,0,0.0,22,10754816640.0,0.0,0.61971,0.0,43,382,0.0,0.0,74.791667,-9.12,0.0,0.0,22.482503,896,414
300,300,0.0,6,0.0,26.413574,0.0,46.0,40.0,1,0.0,6,741,267.5,742.0,-0.0532,-0.8427,0.5913,0.0,0.966797,25.89681,0.0,0.0,0.0,0.0,0.0,3840.0,741,0,0.0,22,10754816640.0,0.0,0.61971,0.0,43,382,0.0,0.0,74.791667,-9.12,0.0,0.0,22.482503,896,414
301,301,0.0,6,0.0,26.413574,0.0,46.0,40.0,1,0.0,6,741,0.0,0.0,0.0,0.0,0.0,0.0,0.966797,25.89681,0.0,0.0,0.0,0.0,0.0,3840.0,741,0,0.0,22,10754816640.0,0.0,0.61971,0.0,43,382,0.0,0.0,74.791667,-9.12,0.0,0.0,22.482503,896,414
302,302,0.0,6,0.0,26.413574,0.0,46.0,40.0,1,0.0,6,741,264.5,719.5,-0.0147,-0.8882,0.4587,0.0,0.966797,25.89681,0.0,0.0,0.0,0.0,0.0,3840.0,741,0,0.0,22,10754816640.0,0.0,0.61971,0.0,43,382,0.0,0.0,74.791667,-9.12,0.0,0.0,22.482503,896,414
303,303,0.0,6,0.0,26.413574,0.0,46.0,40.0,1,0.0,6,741,264.5,719.5,-0.0147,-0.8882,0.4587,0.0,0.966797,25.89681,0.0,0.0,0.0,0.0,0.0,3840.0,741,0,0.0,22,10754816640.0,0.0,0.61971,0.0,43,382,0.0,0.0,74.791667,-9.12,0.0,0.0,22.482503,896,414
304,304,0.0,6,0.0,26.413574,0.0,46.0,40.0,1,0.0,6,741,264.5,719.5,-0.0147,-0.8882,0.4587,0.0,0.966797,25.89681,0.0,0.0,0.0,0.0,0.0,3840.0,741,0,0.0,22,10754816640.0,0.0,0.61971,0.0,43,382,0.0,0.0,74.791667,-9.12,0.0,0.0,22.482503,896,414
305,305,0.0,6,0.0,26.413574,0.0,46.0,40.0,1,0.0,6,741,300.0,445.0,-0.0385,-0.8546,0.5812,0.0,0.966797,25.89681,0.0,0.0,0.0,0.0,0.0,3840.0,741,0,0.0,22,10754816640.0,0.0,0.61971,0.0,43,382,0.0,0.0,74.791667,-9.12,0.0,0.0,22.482503,896,414
306,306,0.0,6,0.0,26.413574,0.0,46.0,40.0,1,0.0,6,741,0.0,0.0,0.0,0.0,0.0,0.0,0.966797,25.89681,0.0,0.0,0.0,0.0,0.0,3840.0,741,0,0.0,22,10754816640.0,0.0,0.61971,0.0,43,382,0.0,0.0,74.791667,-9.12,0.0,0.0,22.482503,896,414
307,307,0.0,6,0.0,27.081299,0.0,46.0,40.0,1,0.0,6,741,250.5,635.5,-0.0437,-0.8693,0.4708,0.0,2.00765,25.415446,0.0,29.133622,78.435908,246734.0,0.0,3840.0,741,0,0.0,22,10754965792.0,0.0,0.693359,0.0,43,382,0.0,0.0,73.802083,-9.12,0.0,0.0,21.323649,896,414
308,308,0.0,6,0.0,27.081299,0.0,46.0,40.0,1,0.0,6,741,0.0,0.0,0.0,0.0,0.0,0.0,2.00765,25.415446,0.0,29.133622,78.435908,246734.0,0.0,3840.0,741,0,0.0,22,10754965792.0,0.0,0.693359,0.0,43,382,0.0,0.0,73.802083,-9.12,0.0,0.0,21.323649,896,414
309,309,0.0,6,0.0,27.081299,0.0,46.0,40.0,1,0.0,6,741,250.5,635.5,-0.0437,-0.8693,0.4708,0.0,2.00765,25.415446,0.0,29.133622,78.435908,246734.0,0.0,3840.0,741,0,0.0,22,10754965792.0,0.0,0.693359,0.0,43,382,0.0,0.0,73.802083,-9.12,0.0,0.0,21.323649,896,414
310,310,0.0,6,0.0,27.081299,0.0,46.0,40.0,1,0.0,6,741,84.5,522.5,0.005,-0.8984,0.4649,0.0,2.00765,25.415446,0.0,29.133622,78.435908,246734.0,0.0,3840.0,741,0,0.0,22,10754965792.0,0.0,0.693359,0.0,43,382,0.0,0.0,73.802083,-9.12,0.0,0.0,21.323649,896,414
311,311,0.0,6,0.0,27.081299,0.0,46.0,40.0,1,0.0,6,741,0.0,0.0,0.0,0.0,0.0,0.0,2.00765,25.415446,0.0,29.133622,78.435908,246734.0,0.0,3840.0,741,0,0.0,22,10754965792.0,0.0,0.693359,0.0,43,382,0.0,0.0,73.802083,-9.12,0.0,0.0,21.323649,896,414
312,312,0.0,6,0.0,27.081299,0.0,46.0,40.0,1,0.0,6,741,84.5,522.5,0.005,-0.8984,0.4649,0.0,2.00765,25.415446,0.0,29.133622,78.435908,246734.0,0.0,3840.0,741,0,0.0,22,10754965792.0,0.0,0.693359,0.0,43,382,0.0,0.0,73.802083,-9.12,0.0,0.0,21.323649,896,414
313,313,0.0,6,0.0,27.081299,0.0,46.0,40.0,1,0.0,6,741,0.0,0.0,0.0,0.0,0.0,0.0,2.00765,25.415446,0.0,29.133622,78.435908,246734.0,0.0,3840.0,741,0,0.0,22,10754965792.0,0.0,0.693359,0.0,43,382,0.0,0.0,73.802083,-9.12,0.0,0.0,21.323649,896,414
314,314,0.0,6,0.0,27.081299,0.0,46.0,40.0,1,0.0,6,741,0.0,0.0,0.0,0.0,0.0,0.0,2.00765,25.415446,0.0,29.133622,78.435908,246734.0,0.0,3840.0,741,0,0.0,22,10754965792.0,0.0,0.693359,0.0,43,382,0.0,0.0,73.802083,-9.12,0.0,0.0,21.323649,896,414
315,315,0.0,6,0.0,27.081299,0.0,46.0,40.0,1,0.0,6,741,103.0,540.0,-0.1177,-0.9781,0.3314,0.0,2.00765,25.415446,0.0,29.133622,78.435908,246734.0,0.0,3840.0,741,0,0.0,22,10754965792.0,0.0,0.693359,0.0,43,382,0.0,0.0,73.802083,-9.12,0.0,0.0,21.323649,896,414
316,316,0.0,6,0.0,27.081299,0.0,46.0,40.0,1,0.0,6,741,234.0,643.5,-0.0682,-0.9184,0.5133,0.0,2.00765,25.415446,0.0,29.133622,78.435908,246734.0,0.0,3840.0,741,0,0.0,22,10754965792.0,0.0,0.693359,0.0,43,382,0.0,0.0,73.802083,-9.12,0.0,0.0,21.323649,896,414
317,317,0.0,6,0.0,27.081299,0.0,46.0,40.0,1,0.0,6,741,103.0,540.0,-0.1177,-0.9781,0.3314,0.0,2.00765,25.415446,0.0,29.133622,78.435908,246734.0,0.0,3840.0,741,0,0.0,22,10754965792.0,0.0,0.693359,0.0,43,382,0.0,0.0,73.802083,-9.12,0.0,0.0,21.323649,896,414
318,318,0.0,6,0.0,27.081299,0.0,46.0,40.0,1,0.0,6,741,103.0,540.0,-0.1177,-0.9781,0.3314,0.0,2.00765,25.415446,0.0,29.133622,78.435908,246734.0,0.0,3840.0,741,0,0.0,22,10754965792.0,0.0,0.693359,0.0,43,382,0.0,0.0,73.802083,-9.12,0.0,0.0,21.323649,896,414
319,319,0.0,6,0.0,27.081299,0.0,46.0,40.0,1,0.0,6,741,103.0,540.0,-0.1177,-0.9781,0.3314,0.0,2.00765,25.415446,0.0,29.133622,78.435908,246734.0,0.0,3840.0,741,0,0.0,22,10754965792.0,0.0,0.693359,0.0,43,382,0.0,0.0,73.802083,-9.12,0.0,0.0,21.323649,896,414
320,320,0.0,6,0.0,27.081299,0.0,46.0,40.0,1,0.0,6,741,0.0,0.0,0.0,0.0,0.0,0.0,2.00765,25.415446,0.0,29.133622,78.435908,246734.0,0.0,3840.0,741,0,0.0,22,10754965792.0,0.0,0.693359,0.0,43,382,0.0,0.0,73.802083,-9.12,0.0,0.0,21.323649,896,414
321,321,0.0,6,0.0,27.081299,0.0,46.0,40.0,1,0.0,6,741,0.0,0.0,0.0,0.0,0.0,0.0,2.00765,25.415446,0.0,29.133622,78.435908,246734.0,0.0,3840.0,741,0,0.0,22,10754965792.0,0.0,0.693359,0.0,43,382,0.0,0.0,73.802083,-9.12,0.0,0.0,21.323649,896,414
322,322,0.0,6,0.0,27.081299,0.0,46.0,40.0,1,0.0,6,741,0.0,0.0,0.0,0.0,0.0,0.0,2.00765,25.415446,0.0,29.133622,78.435908,246734.0,0.0,3840.0,741,0,0.0,22,10754965792.0,0.0,0.693359,0.0,43,382,0.0,0.0,73.802083,-9.12,0.0,0.0,21.323649,896,414
323,323,0.0,6,0.0,27.081299,0.0,46.0,40.0,1,0.0,6,741,0.0,0.0,0.0,0.0,0.0,0.0,2.00765,25.415446,0.0,29.133622,78.435908,246734.0,0.0,3840.0,741,0,0.0,22,10754965792.0,0.0,0.693359,0.0,43,382,0.0,0.0,73.802083,-9.12,0.0,0.0,21.323649,896,414
324,324,0.0,6,0.0,27.081299,0.0,46.0,40.0,1,0.0,6,741,0.0,0.0,0.0,0.0,0.0,0.0,2.00765,25.415446,0.0,29.133622,78.435908,246734.0,0.0,3840.0,741,0,0.0,22,10754965792.0,0.0,0.693359,0.0,43,382,0.0,0.0,73.802083,-9.12,0.0,0.0,21.323649,896,414
325,325,0.0,6,0.0,27.28068,0.0,47.0,40.0,1,0.0,6,741,0.0,0.0,0.0,0.0,0.0,0.0,1.77124,25.970866,0.0,0.0,0.0,0.0,0.0,3840.0,741,0,0.0,22,10754469984.0,0.0,0.579834,0.0,43,382,0.0,0.0,74.010417,-9.12,0.0,0.0,20.770671,896,414
326,326,0.0,6,0.0,28.129069,0.0,14.0,15.0,1,0.0,6,741,0.0,0.0,0.0,0.0,0.0,0.0,1.884359,27.575684,0.0,29.133426,78.435991,246734.0,0.0,3840.0,741,0,0.0,22,10752717616.0,0.0,1.136475,0.0,43,382,0.0,0.0,76.458333,-20.0,0.0,0.0,20.772705,896,414
327,327,0.0,6,0.0,28.129069,0.0,14.0,15.0,1,0.0,6,741,0.0,0.0,0.0,0.0,0.0,0.0,1.884359,27.575684,0.0,29.133426,78.435991,246734.0,0.0,3840.0,741,0,0.0,22,10752717616.0,0.0,1.136475,0.0,43,382,0.0,0.0,76.458333,-20.0,0.0,0.0,20.772705,896,414
328,328,0.0,6,0.0,28.129069,0.0,14.0,15.0,1,0.0,6,741,0.0,0.0,0.0,0.0,0.0,0.0,1.884359,27.575684,0.0,29.133426,78.435991,246734.0,0.0,3840.0,741,0,0.0,22,10752717616.0,0.0,1.136475,0.0,43,382,0.0,0.0,76.458333,-20.0,0.0,0.0,20.772705,896,414
329,329,0.0,6,0.0,28.129069,0.0,14.0,15.0,1,0.0,6,741,0.0,0.0,0.0,0.0,0.0,0.0,1.884359,27.575684,0.0,29.133426,78.435991,246734.0,0.0,3840.0,741,0,0.0,22,10752717616.0,0.0,1.136475,0.0,43,382,0.0,0.0,76.458333,-20.0,0.0,0.0,20.772705,896,414
330,330,0.0,6,0.0,28.129069,0.0,14.0,15.0,1,0.0,6,741,136.5,609.0,0.165,-0.838,-0.477,0.0,1.884359,27.575684,0.0,29.133426,78.435991,246734.0,0.0,3840.0,741,0,0.0,22,10752717616.0,0.0,1.136475,0.0,43,382,0.0,0.0,76.458333,-20.0,0.0,0.0,20.772705,896,414
331,331,0.0,6,0.0,28.129069,0.0,14.0,15.0,1,0.0,6,741,136.5,609.0,0.165,-0.838,-0.477,0.0,1.884359,27.575684,0.0,29.133426,78.435991,246734.0,0.0,3840.0,741,0,0.0,22,10752717616.0,0.0,1.136475,0.0,43,382,0.0,0.0,76.458333,-20.0,0.0,0.0,20.772705,896,414
332,332,0.0,6,0.0,28.129069,0.0,14.0,15.0,1,0.0,6,741,136.5,609.0,0.165,-0.838,-0.477,0.0,1.884359,27.575684,0.0,29.133426,78.435991,246734.0,0.0,3840.0,741,0,0.0,22,10752717616.0,0.0,1.136475,0.0,43,382,0.0,0.0,76.458333,-20.0,0.0,0.0,20.772705,896,414
333,333,0.0,6,0.0,28.129069,0.0,14.0,15.0,1,0.0,6,741,136.5,609.0,0.165,-0.838,-0.477,0.0,1.884359,27.575684,0.0,29.133426,78.435991,246734.0,0.0,3840.0,741,0,0.0,22,10752717616.0,0.0,1.136475,0.0,43,382,0.0,0.0,76.458333,-20.0,0.0,0.0,20.772705,896,414
334,334,0.0,6,0.0,28.129069,0.0,14.0,15.0,1,0.0,6,741,0.0,0.0,0.0,0.0,0.0,0.0,1.884359,27.575684,0.0,29.133426,78.435991,246734.0,0.0,3840.0,741,0,0.0,22,10752717616.0,0.0,1.136475,0.0,43,382,0.0,0.0,76.458333,-20.0,0.0,0.0,20.772705,896,414
335,335,0.0,6,0.0,28.129069,0.0,14.0,15.0,1,0.0,6,741,105.5,618.0,0.1632,-0.87,-0.3887,0.0,1.884359,27.575684,0.0,29.133426,78.435991,246734.0,0.0,3840.0,741,0,0.0,22,10752717616.0,0.0,1.136475,0.0,43,382,0.0,0.0,76.458333,-20.0,0.0,0.0,20.772705,896,414
336,336,0.0,6,0.0,28.129069,0.0,14.0,15.0,1,0.0,6,741,0.0,0.0,0.0,0.0,0.0,0.0,1.884359,27.575684,0.0,29.133426,78.435991,246734.0,0.0,3840.0,741,0,0.0,22,10752717616.0,0.0,1.136475,0.0,43,382,0.0,0.0,76.458333,-20.0,0.0,0.0,20.772705,896,414
337,337,0.0,6,0.0,28.129069,0.0,14.0,15.0,1,0.0,6,741,270.0,454.5,0.1561,-0.8643,-0.4655,0.0,1.884359,27.575684,0.0,29.133426,78.435991,246734.0,0.0,3840.0,741,0,0.0,22,10752717616.0,0.0,1.136475,0.0,43,382,0.0,0.0,76.458333,-20.0,0.0,0.0,20.772705,896,414
338,338,0.0,6,0.0,28.129069,0.0,14.0,15.0,1,0.0,6,741,270.0,454.5,0.1561,-0.8643,-0.4655,0.0,1.884359,27.575684,0.0,29.133426,78.435991,246734.0,0.0,3840.0,741,0,0.0,22,10752717616.0,0.0,1.136475,0.0,43,382,0.0,0.0,76.458333,-20.0,0.0,0.0,20.772705,896,414
339,339,0.0,6,0.0,28.129069,0.0,14.0,15.0,1,0.0,6,741,0.0,0.0,0.0,0.0,0.0,0.0,1.884359,27.575684,0.0,29.133426,78.435991,246734.0,0.0,3840.0,741,0,0.0,22,10752717616.0,0.0,1.136475,0.0,43,382,0.0,0.0,76.458333,-20.0,0.0,0.0,20.772705,896,414
340,340,0.0,6,0.0,28.129069,0.0,14.0,15.0,1,0.0,6,741,0.0,0.0,0.0,0.0,0.0,0.0,1.884359,27.575684,0.0,29.133426,78.435991,246734.0,0.0,3840.0,741,0,0.0,22,10752717616.0,0.0,1.136475,0.0,43,382,0.0,0.0,76.458333,-20.0,0.0,0.0,20.772705,896,414
341,341,0.0,6,0.0,28.129069,0.0,14.0,15.0,1,0.0,6,741,0.0,0.0,0.0,0.0,0.0,0.0,1.884359,27.575684,0.0,29.133426,78.435991,246734.0,0.0,3840.0,741,0,0.0,22,10752717616.0,0.0,1.136475,0.0,43,382,0.0,0.0,76.458333,-20.0,0.0,0.0,20.772705,896,414
342,342,0.0,6,0.0,28.129069,0.0,14.0,15.0,1,0.0,6,741,0.0,0.0,0.0,0.0,0.0,0.0,1.884359,27.575684,0.0,29.133426,78.435991,246734.0,0.0,3840.0,741,0,0.0,22,10752717616.0,0.0,1.136475,0.0,43,382,0.0,0.0,76.458333,-20.0,0.0,0.0,20.772705,896,414
343,343,0.0,6,0.0,28.129069,0.0,14.0,15.0,1,0.0,6,741,0.0,0.0,0.0,0.0,0.0,0.0,1.884359,27.575684,0.0,29.133426,78.435991,246734.0,0.0,3840.0,741,0,0.0,22,10752717616.0,0.0,1.136475,0.0,43,382,0.0,0.0,76.458333,-20.0,0.0,0.0,20.772705,896,414
344,344,0.0,6,0.0,28.845215,0.0,14.0,20.0,1,0.0,6,741,0.0,0.0,0.0,0.0,0.0,0.0,2.969971,26.594238,0.0,0.0,0.0,0.0,0.0,3840.0,741,0,0.0,22,10752466720.0,0.0,1.278076,0.0,43,382,0.0,0.0,75.286458,-20.0,0.0,0.0,19.85555,896,414
345,345,0.0,6,0.0,30.216878,0.0,11.0,80.0,1,0.0,6,741,0.0,0.0,0.0,0.0,0.0,0.0,16.665039,22.375081,0.0,0.0,0.0,0.0,0.0,3840.0,741,0,0.0,22,10765836592.0,0.0,0.882568,0.0,43,382,0.0,0.0,70.625,0.0,0.0,0.0,18.036296,896,414
346,346,0.0,6,0.0,28.91276,0.0,11.0,80.0,1,0.0,6,741,0.0,0.0,0.0,0.0,0.0,0.0,16.5625,22.746582,0.0,0.0,0.0,0.0,0.0,3840.0,741,0,0.0,22,10766553312.0,0.0,0.947266,0.0,43,382,0.0,0.0,70.755208,0.0,0.0,0.0,19.096273,896,414
